p_val	avg_log2FC	pct.1	pct.2	p_val_adj	gene	seurat_clusters
0	2.07460527795866	0.532	0.183	0	GZMK	c2
0	0.600906760705673	0.945	0.614	0	CCL5	c2
1.9100120447279e-286	0.87750437868302	0.727	0.582	6.40579839560842e-282	CST7	c2
8.41021111263783e-230	0.367000926899614	0.99	0.994	2.82061660295648e-225	RPS27	c2
4.80560534576737e-222	0.302439736655279	0.997	0.997	1.61170392086346e-217	RPL28	c2
1.52346149378735e-203	0.453211188910309	0.808	0.537	5.109385157864e-199	NKG7	c2
8.85101458597548e-199	0.305977715081269	0.992	0.993	2.96845327184446e-194	RPS15A	c2
2.88313844810001e-195	1.00205319770527	0.669	0.583	9.66946972723782e-191	DUSP2	c2
3.07128607804606e-193	3.23428146286146	0.056	0.008	1.03004792485509e-188	DKK3	c2
6.55557876634061e-171	1.68701960218743	0.309	0.178	2.19861000665531e-166	CMC1	c2
5.56933139741931e-165	0.265892754337497	0.992	0.992	1.86784236406649e-160	RPS12	c2
3.83283228099778e-154	1.07467777942231	0.628	0.456	1.28545529040104e-149	CCL4	c2
3.3821950831756e-142	0.247666601636045	0.987	0.99	1.13432058699543e-137	RPL30	c2
1.42077516692068e-131	1.70972137262334	0.162	0.07	4.76499575481856e-127	KLRG1	c2
2.562331835864e-115	0.25942774889044	0.97	0.981	8.59354851112068e-111	RPS3	c2
3.74734521843105e-115	0.209274278299714	0.99	0.992	1.25678463935741e-110	RPL39	c2
3.61894779371293e-111	2.56407621798996	0.045	0.009	1.21372271105544e-106	TRDV2	c2
1.00988414927589e-105	1.55898510421845	0.215	0.119	3.38694945984149e-101	TNFSF9	c2
4.4589385879928e-105	0.201333970352324	0.992	0.994	1.49543882364103e-100	RPL10	c2
1.01641621913786e-104	0.329038450560065	0.904	0.923	3.40885671574456e-100	RPL23A	c2
7.08197305246954e-100	0.63625909326788	0.655	0.604	2.37515212233724e-95	CXCR4	c2
5.9748034073505e-99	0.231434750547251	0.97	0.982	2.00382956675721e-94	FAU	c2
2.11016673968823e-97	0.925405128744288	0.416	0.322	7.07707721156638e-93	GZMM	c2
7.99243790418455e-93	1.77972567599295	0.128	0.058	2.68050382430542e-88	AOAH	c2
1.37407011608688e-92	1.25021402676975	0.253	0.158	4.60835635533218e-88	LYAR	c2
1.02671970026422e-88	0.222432149371841	0.965	0.978	3.44341253074614e-84	RPS14	c2
5.26092285889987e-88	0.789988090463604	0.497	0.413	1.76440830841784e-83	FOSB	c2
7.24385655725508e-78	0.291201249300099	0.87	0.903	2.42944461217221e-73	RPS29	c2
1.34888575628275e-77	1.62614781558247	0.117	0.055	4.52389304942109e-73	CRTAM	c2
2.69859976506442e-76	0.348509167730016	0.998	0.997	9.05056389207304e-72	MALAT1	c2
9.00873563407474e-76	1.22430207990221	0.225	0.142	3.02134975695599e-71	TC2N	c2
3.52278509183399e-75	0.189045426747115	0.98	0.984	1.18147166409928e-70	RPS27A	c2
1.72705253237777e-74	0.237961432274236	0.936	0.956	5.79218878308857e-70	RPLP2	c2
3.7912629217469e-73	0.178317928586979	0.985	0.988	1.27151375869548e-68	RPL13	c2
3.21869155849278e-72	0.759442444936371	0.542	0.494	1.07948477488731e-67	IER2	c2
1.33521330383755e-71	2.71684997258289	0.035	0.008	4.47803837841037e-67	IFNG-AS1	c2
1.73842552150113e-71	1.26933418133304	0.303	0.209	5.8303315140105e-67	CCL4L2	c2
1.22331431236448e-68	0.223296912971744	0.937	0.963	4.10275154080798e-64	RPS25	c2
9.60962529199819e-68	0.212449251469928	0.935	0.958	3.22287613043035e-63	RPS21	c2
1.00361047223055e-67	0.168139369157588	0.977	0.986	3.36590880176682e-63	RPS28	c2
4.23533708516219e-67	0.364719341648938	0.783	0.76	1.4204473516217e-62	ZFP36L2	c2
7.55566570887509e-65	0.44805318668184	0.804	0.811	2.53401916544253e-60	ZFP36	c2
1.15424420753294e-62	0.528191715388547	0.515	0.421	3.87110422322396e-58	ANXA1	c2
3.71673618110109e-60	1.19892892044022	0.157	0.091	1.24651898041768e-55	MATK	c2
1.24746822832175e-58	1.79059344829706	0.075	0.032	4.1837589441455e-54	C1orf21	c2
6.6986588305872e-58	0.192989742820204	0.958	0.972	2.24659619860234e-53	RPS7	c2
1.0515407757291e-56	0.218236607109504	0.944	0.96	3.52665745364026e-52	RPL41	c2
1.16286980146639e-55	0.7258884522833	0.495	0.449	3.90003274015799e-51	NR4A2	c2
5.09739916889339e-55	0.237337966639024	0.949	0.973	1.70956573326347e-50	EIF1	c2
3.58251888628685e-54	0.221554418512667	0.941	0.96	1.20150518408288e-49	MT-ND4L	c2
2.22084338558013e-52	0.990996137498879	0.403	0.356	7.44826454655863e-48	TUBA4A	c2
6.94745262040246e-52	0.334564056716648	0.947	0.97	2.33003665983058e-47	H3F3B	c2
2.73192479838958e-51	0.363386271048736	0.711	0.692	9.16232938883898e-47	HCST	c2
5.05201782908935e-51	3.06409046635012	0.016	0.003	1.69434573951999e-46	PACSIN1	c2
2.38960709260547e-48	1.15789214287005	0.186	0.123	8.01426426718024e-44	SAMD3	c2
5.90851810524584e-48	0.449906957722974	0.653	0.621	1.98159880213735e-43	FOS	c2
8.36275642461913e-48	0.270175850531428	0.901	0.932	2.80470124968877e-43	MT-ND3	c2
9.5200680697811e-48	0.160721946789845	0.942	0.965	3.19284042924319e-43	RPL35A	c2
6.94926426625517e-47	1.75303491035524	0.064	0.028	2.33064424961666e-42	ENC1	c2
1.469707075517e-45	0.406420045424335	0.518	0.424	4.92910358986893e-41	CD8A	c2
6.53758496683594e-44	0.120348782200742	0.974	0.982	2.19257524617744e-39	RPL34	c2
2.03326305566229e-43	1.87674926711994	0.046	0.018	6.81915763608017e-39	EPHA4	c2
2.49749430355768e-42	0.186490632454738	0.937	0.96	8.37609639527176e-38	RPL7A	c2
4.78480656517319e-42	0.164273086221638	0.983	0.988	1.60472842582778e-37	MT-CO2	c2
1.77983731835565e-40	0.157173826854292	0.966	0.982	5.96921839830119e-36	RPS24	c2
2.35685869252025e-40	1.6067175591791	0.077	0.039	7.90443268297442e-36	EOMES	c2
5.85558247467857e-40	0.611942681857008	0.529	0.521	1.9638452503577e-35	YPEL5	c2
7.99403216154906e-40	0.79863046904654	0.367	0.318	2.68103850634032e-35	SERTAD1	c2
4.05945667308613e-38	2.10195065728216	0.035	0.013	1.36146057901963e-33	EPHA1	c2
6.42589557260491e-38	1.80323768156941	0.044	0.018	2.15511685714024e-33	PTGDR	c2
2.67421344579004e-37	1.25689715035244	0.112	0.067	8.96877705449063e-33	AUTS2	c2
3.36751566371259e-37	0.833978435974023	0.272	0.21	1.12939740329593e-32	KLF2	c2
6.56003660732911e-37	2.51592587100756	0.025	0.008	2.20010507736604e-32	NXPH4	c2
7.80030588165684e-37	1.87130139793984	0.039	0.015	2.61606658659007e-32	PLXDC1	c2
9.61484949725507e-37	0.205786743319664	0.948	0.964	3.2246282243894e-32	MT-ATP6	c2
5.71692387962065e-36	0.189679912138952	0.966	0.98	1.91734193074717e-31	MT-CO1	c2
7.78974322045077e-36	0.229785343279802	0.893	0.922	2.61252408127478e-31	MT-CO3	c2
1.11402591137844e-35	2.37151064066474	0.022	0.006	3.736220101581e-31	LGR6	c2
2.22499222451985e-35	0.406007854603565	0.675	0.711	7.46217892259469e-31	SRSF7	c2
3.9020107537587e-35	0.317623088683541	0.718	0.729	1.30865636659559e-30	DUSP1	c2
8.80340128982269e-35	0.808252621315827	0.246	0.187	2.95248472458073e-30	EGR1	c2
3.62264495313901e-34	1.33225420557575	0.099	0.059	1.21496266438376e-29	PLEK	c2
5.45110351063029e-34	0.885474057213843	0.24	0.186	1.82819109539519e-29	ITM2C	c2
1.04182081755236e-33	0.311592690222498	0.754	0.798	3.49405865790712e-29	MT-ND4	c2
2.68494344902148e-33	0.126827711289052	0.974	0.985	9.00476333932823e-29	RPS15	c2
3.87702029755281e-33	0.248119754580022	0.875	0.911	1.30027506739326e-28	MT-CYB	c2
1.01498112444245e-31	0.354532651841369	0.714	0.757	3.40404369515509e-27	MT-ND2	c2
3.4730458260482e-31	1.36166480701494	0.07	0.038	1.16479010914005e-26	ADRB2	c2
4.58481345238006e-31	0.364061315458975	0.749	0.768	1.53765473565922e-26	JUNB	c2
1.45804107266304e-30	0.117621432780775	0.955	0.974	4.88997814949729e-26	RPS23	c2
4.85704191955211e-30	0.687969358123415	0.327	0.281	1.62895471897939e-25	MYADM	c2
7.8660124725866e-30	1.33902704423628	0.059	0.03	2.6381032630561e-25	ID1	c2
1.11218735653455e-29	1.68407826794734	0.045	0.021	3.73005395634559e-25	AC243829.1	c2
3.19948805070997e-29	2.67944301777173	0.013	0.003	1.07304430244711e-24	TMEM171	c2
1.53761160857634e-28	0.468784567081134	0.525	0.513	5.15684181284334e-24	RARRES3	c2
1.91242255425762e-28	0.514177132465922	0.395	0.341	6.4138827624692e-24	CD8B	c2
2.93390740275385e-28	0.612683966692893	0.417	0.399	9.83973864735586e-24	LITAF	c2
4.06828377747422e-28	0.130464196405872	0.956	0.974	1.36442101328931e-23	RPL26	c2
8.04985303636441e-27	1.0651929383708	0.137	0.093	2.6997597113359e-22	XCL2	c2
5.55361712888463e-26	0.16584048666286	0.888	0.912	1.86257211268533e-21	BTG1	c2
6.50042957258508e-25	1.24501704744117	0.088	0.055	2.18011407005359e-20	DTHD1	c2
2.4342303992282e-24	0.783962905006943	0.321	0.291	8.16392191293155e-20	PIK3R1	c2
1.83510251528554e-23	1.98607762479834	0.018	0.006	6.15456681576465e-19	MMP23B	c2
3.42076454592729e-23	0.263975665297072	0.692	0.72	1.14725601341309e-18	CD99	c2
1.49405493875055e-22	0.987809362411285	0.198	0.16	5.0107614535816e-18	SYNE1	c2
3.32399204562721e-22	0.254243301415144	0.738	0.786	1.11480045226245e-17	DDX5	c2
1.16851776106194e-21	0.125766233199802	0.334	0.425	3.91897486704952e-17	HSPA1A	c2
1.61818722899822e-21	0.934047125685558	0.172	0.134	5.42707632861423e-17	TRAT1	c2
1.88107356844253e-21	0.143095366286376	0.873	0.915	6.30874453384254e-17	RPL3	c2
8.56951679427047e-21	1.40055983977752	0.071	0.043	2.87404454246243e-16	SLAMF7	c2
2.59399480332426e-20	0.447211879039692	0.629	0.64	8.69973977138892e-16	CD69	c2
3.10626557986058e-20	0.106603974336045	0.106	0.164	1.04177935017364e-15	PUM2	c2
1.17528669585253e-19	2.17800616451447	0.012	0.003	3.94167652055021e-15	SYNM	c2
1.24122700105018e-19	0.248306951823952	0.757	0.789	4.16282711612209e-15	TNFAIP3	c2
2.07581606904743e-19	0.909713474258914	0.197	0.163	6.96187193237128e-15	RALGAPA1	c2
2.53018093342691e-19	0.195032233319662	0.817	0.86	8.48572081452717e-15	HLA-E	c2
2.67674216790663e-19	1.42286906430437	0.046	0.026	8.97725788272524e-15	ITGA5	c2
2.95386496752933e-19	0.217628031163356	0.781	0.838	9.90667232809986e-15	MT-ND1	c2
3.73961138547363e-19	0.655830310888416	0.308	0.28	1.25419086646014e-14	PARP8	c2
4.4558118766039e-19	0.441764293569226	0.539	0.566	1.49439018717542e-14	CD44	c2
6.37900061484626e-19	0.101748656525675	0.118	0.176	2.13938922620714e-14	KDM5A	c2
1.03596736693928e-18	0.109654403767033	0.147	0.214	3.47442735524096e-14	DDX18	c2
1.05567012878546e-18	1.07497325535534	0.091	0.061	3.54050647792066e-14	TGFBR3	c2
2.29968953244403e-18	0.124173574359034	0.117	0.175	7.71269875391079e-14	PRELID3B	c2
2.45503509783334e-18	0.102090301153517	0.114	0.171	8.23369671111344e-14	RAB6A	c2
2.73742628905672e-18	0.107301457819281	0.163	0.234	9.18078028823844e-14	OGA	c2
2.80653686428684e-18	0.123656761397618	0.116	0.174	9.41256333544522e-14	TACC1	c2
3.56261205375096e-18	0.115713361443382	0.125	0.185	1.194828830587e-13	STAG2	c2
4.29520766384289e-18	0.103705622487771	0.181	0.256	1.44052674629963e-13	UFM1	c2
5.73919998183827e-18	0.843154133066605	0.041	0.022	1.92481288990892e-13	MS4A1	c2
6.03175057219779e-18	0.120522958599633	0.228	0.316	2.02292850690369e-13	NCOR1	c2
6.05366327799469e-18	0.534714606030517	0.408	0.397	2.03027759017386e-13	BTG2	c2
6.67362177486723e-18	0.159811112639535	0.083	0.13	2.23819927085497e-13	PPP6R1	c2
9.16823575203062e-18	1.12585758281932	0.169	0.134	3.07484290651603e-13	TNF	c2
1.36548196965588e-17	0.116044563031988	0.116	0.172	4.57955342983189e-13	FKBP2	c2
1.63947893232121e-17	0.117624272633993	0.073	0.116	5.49848444321889e-13	TOP2B	c2
1.86742867771277e-17	0.127929889442975	0.171	0.243	6.2629822993131e-13	FNBP4	c2
2.04355758732113e-17	1.82590883747087	0.026	0.012	6.85368343635762e-13	SMARCD3	c2
2.44863568790418e-17	1.13433365787779	0.025	0.011	8.21223437009303e-13	TRBV5-5	c2
2.44979616550117e-17	0.165782572625218	0.148	0.212	8.21612637985783e-13	RABGGTB	c2
2.95896210592471e-17	0.111143237906158	0.12	0.176	9.9237671108503e-13	PRPF8	c2
3.30476892367318e-17	0.408231671091742	0.548	0.582	1.10835340162151e-12	MCL1	c2
3.86788009507953e-17	0.155263653164397	0.083	0.129	1.29720962628777e-12	CELF1	c2
6.08310951483334e-17	0.160684723918189	0.084	0.13	2.0401532690848e-12	MYO9B	c2
7.78670845097963e-17	0.136766366118213	0.682	0.688	2.61150628028955e-12	DNAJB1	c2
9.85590372399373e-17	0.780854569647265	0.163	0.129	3.30547299095302e-12	NR4A3	c2
1.02583435113237e-16	0.785209369064327	0.194	0.16	3.44044324682773e-12	MARCKSL1	c2
1.11785839001994e-16	0.107594147743305	0.145	0.207	3.74907346844886e-12	WAC	c2
1.37815794697846e-16	0.298278397582933	0.617	0.674	4.62206612257635e-12	RPL27A	c2
1.46620656994364e-16	0.101217677754307	0.159	0.224	4.91736359427698e-12	CAMLG	c2
2.09991933901773e-16	0.118638208680985	0.122	0.177	7.04270947919767e-12	GOLGA4	c2
2.62537066365656e-16	0.11212915302751	0.075	0.117	8.80496813177137e-12	EFR3A	c2
2.80519589818153e-16	0.122822187740897	0.099	0.148	9.40806600332121e-12	ZFAND2B	c2
3.43120757711639e-16	0.127286073819654	0.064	0.103	1.1507583972133e-11	ANKRD17	c2
4.01554877076945e-16	0.103533825890761	0.072	0.113	1.34673474674066e-11	SBNO1	c2
4.22770705460837e-16	0.152535814314046	0.058	0.095	1.41788839197455e-11	S100PBP	c2
4.27057965411266e-16	0.182406560266448	0.115	0.169	1.43226700439630e-11	CAND1	c2
4.37716589233566e-16	0.105675370879334	0.227	0.309	1.46801389697153e-11	SDCBP	c2
5.73053910986864e-16	0.114659118169567	0.132	0.189	1.92190820666774e-11	ZNF655	c2
6.04870918067716e-16	0.101276093485589	0.132	0.189	2.02861608501551e-11	CENPC	c2
6.69180750280553e-16	0.161404734760265	0.154	0.219	2.24429840029092e-11	RSF1	c2
7.0964868647727e-16	0.118258470115634	0.137	0.196	2.38001976470747e-11	UBE3A	c2
8.09036114927704e-16	0.108040354259687	0.127	0.182	2.71334532224453e-11	SPN	c2
1.15579023754494e-15	0.144632181546149	0.083	0.127	3.87628929867823e-11	NELFCD	c2
1.24784337306154e-15	0.134247754482479	0.045	0.078	4.18501710457381e-11	NOL8	c2
1.26644453929601e-15	0.132853377920485	0.089	0.135	4.24740169589096e-11	GRAP2	c2
1.50952602089497e-15	0.110862476724566	0.075	0.116	5.06264836887755e-11	TP53I13	c2
1.56524573947869e-15	0.102398665551766	0.069	0.108	5.24952116106362e-11	FAM200B	c2
1.79438487105532e-15	0.149105532250426	0.105	0.155	6.01800798054534e-11	OGFR	c2
2.12175073778365e-15	0.115285591926575	0.074	0.115	7.11592762437881e-11	ASF1A	c2
2.18975492211265e-15	0.100674767240946	0.113	0.163	7.34400005778142e-11	SAP30BP	c2
2.4744137036414e-15	0.119387455736802	0.078	0.12	8.29868867927251e-11	USP33	c2
2.60136325722352e-15	0.123263852794292	0.237	0.324	8.72445209207623e-11	KTN1	c2
2.71572034311e-15	0.102876442181722	0.111	0.161	9.10798288672232e-11	SRSF8	c2
2.76028740391327e-15	0.133268572969283	0.092	0.137	9.25745189524433e-11	FYTTD1	c2
2.93606707441763e-15	0.115816996722289	0.087	0.131	9.84698175418183e-11	ZBP1	c2
3.06245778284469e-15	0.128476099221074	0.117	0.168	1.02708709121045e-10	PDCD6IP	c2
3.71866968244498e-15	0.115969028648288	0.207	0.281	1.2471674380984e-10	TAF7	c2
3.96789085782539e-15	0.112500357422491	0.079	0.121	1.33075123589748e-10	VPS26B	c2
4.19550202357583e-15	0.124419856606021	0.111	0.161	1.40708746866686e-10	NCBP2-AS2	c2
4.79970468926734e-15	0.121715536298342	0.109	0.158	1.60972495868648e-10	RC3H1	c2
5.04966926151613e-15	0.16859550279642	0.047	0.08	1.69355807692728e-10	EIF3B	c2
5.47109226321914e-15	0.116308876709001	0.196	0.268	1.83489492323843e-10	SCAF11	c2
6.00214779480351e-15	0.134865569656536	0.097	0.144	2.0130003274212e-10	IRF3	c2
6.6452940683402e-15	0.134025620256586	0.094	0.139	2.22869872463994e-10	REST	c2
7.56073036760214e-15	0.118027325907707	0.125	0.178	2.53571775068641e-10	CCDC88C	c2
8.07315602795862e-15	0.103960947492319	0.105	0.153	2.70757506865676e-10	NOP56	c2
9.0658450276989e-15	0.133821720290662	0.192	0.264	3.04050310538966e-10	TRABD	c2
1.01944198739629e-14	0.153537263148593	0.145	0.204	3.41900453732969e-10	RBMS1	c2
1.02824091966905e-14	1.27231676621883	0.044	0.026	3.44851439638605e-10	LINC02084	c2
1.03774504197934e-14	0.189374596165552	0.103	0.15	3.48038932179032e-10	PPP2R5E	c2
1.11530290796808e-14	0.303425085162013	0.61	0.666	3.74050289274335e-10	RPL13A	c2
1.14712033500666e-14	0.131604712550122	0.088	0.131	3.84721217954534e-10	CHD3	c2
1.18505740694456e-14	0.175838947597366	0.143	0.201	3.97444553141068e-10	ARHGAP30	c2
1.2651555545947e-14	0.160343521285163	0.118	0.17	4.24307869899972e-10	CHCHD7	c2
1.26690962071669e-14	0.1020330092277	0.094	0.139	4.24896148595963e-10	VPS4B	c2
1.28960822478473e-14	0.116143812362124	0.055	0.089	4.32508806428304e-10	TMX3	c2
1.3994601577058e-14	0.124824502369238	0.16	0.222	4.6935094769137e-10	ATP2B4	c2
1.44684470481695e-14	0.11231591107941	0.259	0.349	4.8524277710151e-10	CD47	c2
1.51894220259849e-14	0.1038476157714	0.096	0.14	5.09422835907481e-10	WASHC1	c2
1.52825414669528e-14	0.1199548324028	0.056	0.09	5.12545875718664e-10	PAIP1	c2
1.54363201458575e-14	0.101299585664558	0.064	0.1	5.17703305051769e-10	UBTF	c2
1.56204010335064e-14	0.177057100494912	0.091	0.135	5.23877009861738e-10	VPS36	c2
1.64019611105415e-14	0.123450002194353	0.093	0.137	5.50088971725341e-10	COPA	c2
1.88778226284756e-14	0.116091677950552	0.059	0.094	6.33124415313814e-10	VPS26C	c2
1.91660249910046e-14	0.135769803931313	0.041	0.071	6.42790146148313e-10	ZMPSTE24	c2
2.24789908442062e-14	0.131251474560477	0.135	0.189	7.53900394932987e-10	PPM1K	c2
2.43047409544253e-14	0.108006262360894	0.115	0.164	8.15132402129514e-10	ST3GAL1	c2
2.50436891981342e-14	0.164988538934581	0.095	0.14	8.39915248327025e-10	RNF4	c2
2.55389230731834e-14	1.22964377198557	0.066	0.044	8.56524402028425e-10	YBX3	c2
2.6668094967389e-14	0.127050129181883	0.112	0.16	8.94394569016292e-10	METTL23	c2
3.0277000309957e-14	0.130485614342394	0.072	0.11	1.01543003639534e-09	CAPN7	c2
3.06235492070833e-14	0.139456078599151	0.132	0.185	1.02705259330716e-09	PHF3	c2
3.15036206156621e-14	0.132963209729975	0.073	0.112	1.05656842820808e-09	MAP2K1	c2
3.17711511772374e-14	0.132841922863015	0.129	0.182	1.06554086818219e-09	DNTTIP2	c2
3.20126121828035e-14	0.131026508760542	0.088	0.131	1.07363898738686e-09	TBC1D1	c2
3.53005481591541e-14	1.74166807029354	0.012	0.004	1.18390978416171e-09	A2M-AS1	c2
3.61625308236534e-14	0.140897026869618	0.115	0.164	1.21281895876369e-09	TMEM109	c2
3.61848584963165e-14	0.132224041115222	0.192	0.262	1.21356778424946e-09	EIF1AX	c2
4.07067493072181e-14	0.146876048061239	0.094	0.138	1.36522295826548e-09	N4BP1	c2
4.19063932887491e-14	0.10966464729802	0.097	0.141	1.40545661811807e-09	DNAJC4	c2
4.64113396182228e-14	0.120014881274269	0.101	0.147	1.55654350811596e-09	RBM33	c2
4.99575184060775e-14	0.136829414556155	0.137	0.191	1.67547525230303e-09	SMARCA2	c2
5.08814742651385e-14	0.100836678462341	0.065	0.101	1.70646288390422e-09	SIKE1	c2
5.12199856284377e-14	0.114010051313051	0.259	0.343	1.71781587800654e-09	PTPN22	c2
5.91687340410101e-14	0.128206064216683	0.036	0.064	1.9844010022674e-09	SDCCAG8	c2
6.4306074210779e-14	0.155864603836069	0.09	0.133	2.1566971168811e-09	SPATA13	c2
6.87129108657105e-14	0.147581359408627	0.066	0.103	2.3044936046142e-09	PPWD1	c2
7.31769280522807e-14	0.853616803406855	0.163	0.134	2.45420781301739e-09	LINC00861	c2
8.08606187872888e-14	0.125244973520704	0.08	0.119	2.71190343288809e-09	PPP6R2	c2
8.70245045838974e-14	0.117095694778754	0.2	0.27	2.91862783473475e-09	C19orf66	c2
9.24656698704528e-14	0.120659972341643	0.093	0.136	3.10111363611525e-09	DNM2	c2
9.63319963294384e-14	0.121000539699625	0.051	0.083	3.2307824928967e-09	PRKAG1	c2
1.14389868806523e-13	0.162484767726115	0.121	0.171	3.83640742003318e-09	NFKB1	c2
1.20503335469403e-13	0.13346918465547	0.111	0.158	4.04144086497283e-09	PARP10	c2
1.20968243117643e-13	0.1283129890204	0.066	0.102	4.0570329376795e-09	REV3L	c2
1.22940073339522e-13	0.139754268798784	0.122	0.171	4.1231641796609e-09	RASGRP1	c2
1.27595362786942e-13	0.109179822064373	0.146	0.202	4.27929327714846e-09	FOXN3	c2
1.28548456698883e-13	0.17998375243864	0.083	0.124	4.31125814076715e-09	CUL4A	c2
1.49426137796414e-13	0.111124352700951	0.037	0.065	5.01145380941614e-09	SLC4A1AP	c2
1.52098624950138e-13	0.11698604328957	0.252	0.339	5.10108368357772e-09	REEP5	c2
1.59086207835511e-13	0.160649624424482	0.095	0.138	5.33543323838735e-09	AMZ2	c2
1.66122058565456e-13	0.908217823636477	0.096	0.07	5.57140160016828e-09	SERTAD3	c2
1.68999675334058e-13	0.10564270013181	0.288	0.383	5.66791111135364e-09	REX1BD	c2
1.69675528132099e-13	0.115048730768857	0.094	0.137	5.69057786249433e-09	ERBIN	c2
1.74053555757591e-13	1.203963641874	0.042	0.025	5.83740815299809e-09	TPRG1	c2
2.22346577430233e-13	1.27483060598605	0.036	0.021	7.45705951385515e-09	ARL4D	c2
2.28554272716118e-13	0.148412896838741	0.099	0.143	7.66525319835317e-09	RBM5	c2
2.33549229441308e-13	0.121491933571742	0.064	0.098	7.83277405700257e-09	RPF1	c2
2.4424266391622e-13	0.179042358364833	0.13	0.181	8.19141046242219e-09	PPP4R3A	c2
2.56303737667301e-13	0.172720354126931	0.075	0.112	8.59591475388595e-09	TBC1D5	c2
2.60784199595992e-13	0.175924732871368	0.138	0.192	8.74618048605037e-09	UBAC2	c2
2.6321715841131e-13	0.1728823185171	0.073	0.11	8.8277770587985e-09	MAP2K2	c2
2.82810925446965e-13	0.147285458241526	0.108	0.154	9.4849128176403e-09	RPAIN	c2
2.87902182527241e-13	0.173482310319914	0.061	0.095	9.6556633975986e-09	PREB	c2
2.88876232500608e-13	0.126984386832321	0.078	0.116	9.68833108560539e-09	TRPM7	c2
3.81919756439722e-13	0.160805266414583	0.062	0.096	1.28088247914754e-08	BCAS4	c2
3.87722286644132e-13	0.131777614460325	0.095	0.137	1.30034300494709e-08	FAM208A	c2
3.98926244531654e-13	0.133548141719342	0.074	0.111	1.33791883891026e-08	MED6	c2
4.04871000250249e-13	0.111786315676809	0.057	0.089	1.35785636063928e-08	FAM120AOS	c2
4.54875208569607e-13	0.14703618928436	0.112	0.159	1.52556047450075e-08	PHF20L1	c2
4.67675382323545e-13	0.139360286196878	0.141	0.195	1.56848969723671e-08	EPS15	c2
4.76291534619343e-13	1.48753312818422	0.015	0.006	1.59738654880635e-08	ASTL	c2
5.73133246983447e-13	0.298591476741118	0.388	0.354	1.92217428373309e-08	GZMH	c2
6.23551298968315e-13	0.145019014954784	0.134	0.186	2.09126634647993e-08	ZNF644	c2
6.66596022052029e-13	0.842259055495789	0.15	0.123	2.2356297387581e-08	P2RY8	c2
7.19890504208708e-13	0.160532833708905	0.093	0.135	2.41436877301517e-08	CCNK	c2
7.47778601826078e-13	0.201247260652687	0.101	0.144	2.5078998748043e-08	SPG7	c2
7.9381420506181e-13	0.153845699956766	0.077	0.114	2.6622940809363e-08	SLC25A36	c2
8.84168319228675e-13	0.15808546911513	0.096	0.137	2.96532370902913e-08	IRAK4	c2
9.03135840430186e-13	0.204042353585758	0.12	0.168	3.02893698163476e-08	ZNF800	c2
9.0973281412799e-13	0.111886678643577	0.063	0.097	3.05106191202245e-08	ZNF430	c2
9.16032383511346e-13	0.126345652927261	0.063	0.096	3.07218940782035e-08	BOD1L1	c2
9.5042976539321e-13	0.170350360931876	0.168	0.229	3.18755134717575e-08	CGGBP1	c2
9.68768987715835e-13	0.209240295728906	0.06	0.092	3.24905743100137e-08	ZNF22	c2
1.03264203801052e-12	0.14535740535166	0.108	0.153	3.4632748670797e-08	HACD4	c2
1.04726389204599e-12	0.382583067542426	0.54	0.589	3.51231364114385e-08	SRSF2	c2
1.04768729088429e-12	0.138171368579932	0.073	0.109	3.51373363616773e-08	JPX	c2
1.05796150455449e-12	0.167708102930575	0.074	0.11	3.54819129397484e-08	DNM1L	c2
1.09557008113383e-12	0.135840040054505	0.048	0.078	3.67432293810663e-08	UCKL1	c2
1.13733475328785e-12	0.11627702940518	0.06	0.093	3.81439329557681e-08	MED29	c2
1.14001423945617e-12	0.14366411146464	0.06	0.093	3.82337975628809e-08	CCNT2	c2
1.19390755855279e-12	0.15982921017356	0.139	0.191	4.00412716987433e-08	KMT2A	c2
1.24578195288163e-12	0.109305741014695	0.292	0.384	4.17810351357439e-08	SLC9A3R1	c2
1.27591849936864e-12	0.15025858431402	0.079	0.116	4.27917546318256e-08	STX16	c2
1.32250260515464e-12	0.551193411853137	0.368	0.366	4.43540923716764e-08	PPP2R5C	c2
1.32459778055609e-12	0.15165115315107	0.17	0.231	4.44243603642901e-08	RABGAP1L	c2
1.33038810062188e-12	0.115820973547605	0.065	0.098	4.46185561186566e-08	OSTM1	c2
1.39020057346823e-12	0.174227716523701	0.079	0.116	4.66245468329776e-08	SIRT7	c2
1.47083740864182e-12	0.158418500347088	0.101	0.143	4.93289450110293e-08	DENND1C	c2
1.55849991147198e-12	0.163849162207096	0.084	0.122	5.22689700309473e-08	CPNE3	c2
1.57237291071267e-12	0.111659398625886	0.042	0.07	5.27342426794816e-08	TTC37	c2
1.69629760967659e-12	0.173797252582894	0.124	0.172	5.68904292333334e-08	BIRC2	c2
1.73967731099544e-12	0.164660355893493	0.041	0.068	5.8345297656165e-08	PPP3CB	c2
1.80695700318799e-12	0.162789679758782	0.121	0.169	6.06017239729189e-08	USP34	c2
1.81173416569168e-12	0.213032335109309	0.09	0.13	6.07619404489676e-08	RICTOR	c2
1.88078724225673e-12	0.111436370480417	0.035	0.059	6.30778425308063e-08	PELP1	c2
1.89328122010476e-12	0.160844608826595	0.058	0.089	6.34968655598733e-08	NCOA1	c2
1.99140518651193e-12	0.159629423935774	0.057	0.088	6.67877471452371e-08	ADIPOR2	c2
2.02060677016041e-12	0.843595292783081	0.113	0.088	6.77671098576398e-08	TUBB2A	c2
2.0374052940994e-12	0.116704247525361	0.169	0.228	6.83304987535056e-08	CCDC59	c2
2.0827199313924e-12	0.167840338245535	0.161	0.218	6.98502610590382e-08	ITSN2	c2
2.11662546430868e-12	0.218758051998222	0.091	0.131	7.09873848219844e-08	ERICH1	c2
2.16937302765768e-12	0.16662292224405	0.22	0.294	7.27564326015832e-08	C9orf78	c2
2.3520125970769e-12	0.105370765680712	0.106	0.148	7.88817984807652e-08	INPP4B	c2
2.49797523568568e-12	0.118595212003501	0.106	0.149	8.37770934544264e-08	MMP24OS	c2
2.64909790103018e-12	0.133221449123132	0.066	0.1	8.88454454047503e-08	MED13	c2
2.66298940838016e-12	0.100269871252204	0.046	0.075	8.93113387782537e-08	POLR2M	c2
2.95271984414453e-12	0.123064843353267	0.042	0.069	9.90283181329194e-08	DIS3	c2
2.96597248766553e-12	0.157579690551651	0.05	0.079	9.94727852913266e-08	NARS	c2
3.02999273536238e-12	0.165846523215362	0.068	0.101	1.01619896358584e-07	ATAD1	c2
3.15352098955656e-12	0.144043733345988	0.069	0.103	1.05762786947748e-07	SS18	c2
3.48531727019784e-12	0.136892255171116	0.103	0.145	1.16890570607895e-07	TMEM50B	c2
3.66013838822048e-12	0.118277771754609	0.039	0.065	1.22753721264138e-07	CDC16	c2
3.85615200032086e-12	0.189215771585535	0.149	0.203	1.29327625786761e-07	BIRC6	c2
4.02494741002485e-12	0.172907508061237	0.089	0.128	1.34988686237413e-07	CWC25	c2
4.25374156393269e-12	0.148796100089418	0.072	0.107	1.42661984571175e-07	SLC6A6	c2
4.46246625008865e-12	0.132234430410071	0.072	0.106	1.49662193095473e-07	CCDC186	c2
4.48127953862018e-12	0.164037947131049	0.054	0.084	1.50293153166244e-07	ALKBH6	c2
4.68087061241395e-12	0.139658533302699	0.044	0.071	1.56987038599139e-07	KPNA6	c2
4.72249040929279e-12	0.129117196737203	0.112	0.156	1.58382883346862e-07	ZMYM2	c2
4.72498070712973e-12	0.111431913025076	0.074	0.109	1.58466402955717e-07	YBEY	c2
4.83169573557945e-12	0.189937082491726	0.133	0.183	1.62045411579864e-07	OGT	c2
5.12195986761819e-12	0.139918124283618	0.102	0.143	1.71780290040179e-07	NFATC3	c2
5.25727990441461e-12	0.129228234836443	0.101	0.141	1.76318653434257e-07	C6orf48	c2
5.37995566107268e-12	0.107681528073321	0.103	0.145	1.80432952961056e-07	MECP2	c2
5.94923579948226e-12	0.120305953439433	0.06	0.091	1.99525470243036e-07	ACSL5	c2
5.99879982581365e-12	0.109260485660619	0.075	0.11	2.01187748558138e-07	XPC	c2
6.02137037157186e-12	0.163479168632944	0.059	0.09	2.01944719521777e-07	TMEM106B	c2
6.48863590472962e-12	0.149274034628163	0.233	0.309	2.17615870972822e-07	PTP4A2	c2
6.92239335272829e-12	0.139502077535564	0.261	0.344	2.32163228263801e-07	FNBP1	c2
7.28688214537704e-12	1.29645600287758	0.106	0.084	2.44387453391655e-07	PPP1R14B	c2
7.31215450811112e-12	0.117307796445834	0.037	0.062	2.45235037893031e-07	ZMYND8	c2
7.65760320194797e-12	0.120965128842874	0.068	0.1	2.56820696186931e-07	ESCO1	c2
7.69374877040285e-12	0.170412593998813	0.077	0.113	2.58032946261771e-07	VPS13A	c2
7.72190067806275e-12	0.136619493316079	0.083	0.12	2.58977104940868e-07	PTS	c2
8.00789311828809e-12	0.173168253330915	0.038	0.063	2.68568719401146e-07	BUD13	c2
8.14335087317561e-12	0.12369439543555	0.08	0.116	2.73111701584564e-07	DCTN6	c2
8.1776092687483e-12	0.105414542721323	0.178	0.236	2.74260659655281e-07	CYTH1	c2
8.65471670602473e-12	0.130434640154165	0.096	0.135	2.90261888886657e-07	ARID1B	c2
8.80529696584035e-12	0.175491400312694	0.224	0.297	2.95312049640354e-07	DDX17	c2
9.25552690603934e-12	0.213420180347986	0.071	0.105	3.10411861374747e-07	DNPEP	c2
9.47267329621519e-12	0.11514845454587	0.077	0.112	3.17694517008465e-07	INPP5K	c2
1.01159084625389e-11	0.161837151045573	0.049	0.076	3.39267338016631e-07	ARMCX3	c2
1.03359357672748e-11	0.163121462003431	0.088	0.126	3.46646613762863e-07	ZNF148	c2
1.05734801824137e-11	0.492993011323865	0.504	0.524	3.54613378357791e-07	RGCC	c2
1.06849894858816e-11	0.170230264536499	0.066	0.099	3.58353177377497e-07	RABEP1	c2
1.1753120218567e-11	0.130389571630092	0.051	0.079	3.941761458903e-07	AQR	c2
1.23663844954011e-11	0.169932698199643	0.068	0.101	4.14743803206763e-07	HERC2	c2
1.24619117657338e-11	0.121641478703117	0.294	0.386	4.17947596799181e-07	TBC1D10C	c2
1.25282360986132e-11	0.196489604520268	0.048	0.075	4.20171982275291e-07	ZKSCAN1	c2
1.26283912983761e-11	0.176139513368552	0.061	0.092	4.23530987364938e-07	ZC3H18	c2
1.3110645889073e-11	0.189494768098762	0.062	0.093	4.3970484182773e-07	DICER1	c2
1.38245521399755e-11	0.163482796944917	0.084	0.121	4.63647829670499e-07	TTC14	c2
1.50864261728571e-11	0.12783642350607	0.04	0.066	5.05968560985281e-07	TRRAP	c2
1.56095964263562e-11	0.166226335907152	0.091	0.13	5.23514644947134e-07	MARCH6	c2
1.61532517244877e-11	0.161598902624584	0.095	0.134	5.41747756335869e-07	SLC4A7	c2
1.62307962036682e-11	0.133995009017365	0.076	0.11	5.44348443078625e-07	GATAD2A	c2
1.67075388622613e-11	0.13673765728377	0.031	0.054	5.60337438362519e-07	GMPPA	c2
1.69569805803115e-11	0.132293133455489	0.081	0.116	5.68703214702488e-07	CABIN1	c2
1.78238647458468e-11	0.203876837073679	0.062	0.093	5.97776775846209e-07	LRPPRC	c2
1.79640560930591e-11	0.171496422414766	0.053	0.082	6.02478513249017e-07	ZFX	c2
1.83599326846809e-11	0.154955290730709	0.248	0.327	6.15755422378827e-07	SRRM2	c2
1.85094843692304e-11	0.180546917518691	0.06	0.09	6.20771086775248e-07	MTREX	c2
1.85828663234123e-11	0.991745635702269	0.106	0.083	6.232321707546e-07	F2R	c2
1.86732935838599e-11	0.224035393462378	0.147	0.2	6.26264920215493e-07	SYNRG	c2
1.87999952120203e-11	0.114535694296871	0.061	0.092	6.30514239420736e-07	PRR14	c2
1.98166127236264e-11	0.187829919757154	0.07	0.103	6.64609557524982e-07	AP1G2	c2
2.01481804058306e-11	0.170515251170648	0.098	0.137	6.75729674450746e-07	TNKS2	c2
2.03974720714126e-11	0.22445593642884	0.117	0.162	6.84090418331037e-07	HELZ	c2
2.04045042684302e-11	0.116988700327829	0.045	0.072	6.84326264154614e-07	TCOF1	c2
2.13874921202697e-11	0.223401501075785	0.11	0.153	7.17293710729606e-07	MAP3K2	c2
2.14442366808796e-11	0.140906739241913	0.017	0.035	7.1919680980334e-07	TCF3	c2
2.18157400760862e-11	0.131168866332822	0.045	0.072	7.31656290671779e-07	NAA16	c2
2.2178190187734e-11	0.188950850403464	0.074	0.107	7.43812142516223e-07	SFSWAP	c2
2.32194077893372e-11	0.118401807876491	0.039	0.064	7.78732498438792e-07	RNF41	c2
2.43358034511939e-11	0.148688343139207	0.086	0.123	8.16174176146141e-07	AGO2	c2
2.46594080215917e-11	1.5593320948159	0.024	0.012	8.27027226228144e-07	EPHA1-AS1	c2
2.5626322316105e-11	0.113454315592677	0.053	0.082	8.5945559783753e-07	ANGEL2	c2
2.57374304456785e-11	0.130166384547751	0.026	0.047	8.63181942287166e-07	ZNF37A	c2
2.58601413053404e-11	0.16333082225837	0.083	0.118	8.67297419098505e-07	ZFC3H1	c2
2.59201903311448e-11	1.92781220132826	0.013	0.005	8.69311343325933e-07	IGFBP2	c2
2.61258132630955e-11	0.176022001820406	0.067	0.099	8.76207525217697e-07	MUC20-OT1	c2
2.61618867008523e-11	0.163068596496336	0.192	0.255	8.77417356173186e-07	ARHGAP4	c2
2.6647742839178e-11	0.158864282045004	0.107	0.148	8.9371199934035e-07	ATXN1	c2
2.72880103490741e-11	0.107735228547568	0.044	0.07	9.15185291087246e-07	PLRG1	c2
2.86682789855095e-11	0.207048345971391	0.097	0.136	9.61476740616017e-07	FAM13B	c2
2.90024865119141e-11	0.18069871171662	0.028	0.049	9.72685392636574e-07	RAD17	c2
3.12548471946203e-11	0.149087923539815	0.084	0.12	1.04822506521317e-06	RIC8A	c2
3.19269589228107e-11	0.139161704797277	0.328	0.43	1.07076634835322e-06	SEPT1	c2
3.20114007127465e-11	0.122380126579317	0.061	0.091	1.07359835710409e-06	CDC37L1	c2
3.22204278201363e-11	0.10210204417678	0.133	0.18	1.08060870823173e-06	ALKBH7	c2
3.45930521487716e-11	0.233042522822737	0.074	0.108	1.1601817829655e-06	EIF4EBP1	c2
3.87748257127978e-11	0.10366931144551	0.059	0.089	1.30043010475581e-06	RIC1	c2
3.88242495990787e-11	0.142648471233745	0.046	0.073	1.3020876830539e-06	SLK	c2
4.04342209090067e-11	0.202745747801393	0.728	0.792	1.35608290084627e-06	MT-ND5	c2
4.19496805414641e-11	1.04856130803752	0.132	0.106	1.40690838599962e-06	CCL3L1	c2
4.82059589401858e-11	0.113783500555143	0.052	0.079	1.61673145093595e-06	PTAR1	c2
4.98920358970383e-11	0.119506818513516	0.045	0.071	1.67327909991487e-06	MED17	c2
5.11003694456756e-11	0.157638060949832	0.07	0.102	1.71380419046907e-06	AP1G1	c2
5.22147210347459e-11	0.110338703460972	0.024	0.044	1.75117731406331e-06	CLPTM1L	c2
5.22158896477246e-11	0.212214029934817	0.067	0.099	1.75121650700539e-06	MDM4	c2
5.25082783669976e-11	0.12285734330143	0.074	0.106	1.76102263987236e-06	APOBEC3H	c2
5.25745759553816e-11	0.152035264678537	0.073	0.106	1.76324612839159e-06	SDR39U1	c2
5.34492196946217e-11	0.289128163988555	0.11	0.153	1.79257993011822e-06	FRYL	c2
5.40541928663315e-11	0.146016614593608	0.068	0.099	1.81286952035103e-06	PHKG2	c2
5.40556736914886e-11	0.122163731363585	0.077	0.11	1.81291918426514e-06	CCNT1	c2
5.45156443250353e-11	0.139036363423108	0.04	0.064	1.82834567937303e-06	CTNNBL1	c2
5.65316474339888e-11	0.136863368248999	0.043	0.068	1.89595839164112e-06	IP6K1	c2
5.66921274221127e-11	0.124426442820385	0.057	0.085	1.90134056948282e-06	CASC4	c2
5.7426229957524e-11	0.184271613036097	0.054	0.082	1.92596090031544e-06	ITPR2	c2
5.90628686278624e-11	0.145330135249074	0.059	0.088	1.98085048804125e-06	GGA1	c2
5.96496258798761e-11	0.168303418627246	0.156	0.208	2.00052915275929e-06	PCM1	c2
6.2916609588081e-11	0.164021026504827	0.059	0.088	2.11009725236506e-06	CENPT	c2
6.31031817211367e-11	0.178726899773201	0.04	0.065	2.11635450856348e-06	HSD17B12	c2
6.48088144411903e-11	0.110710254481589	0.065	0.095	2.17355801872864e-06	UBR1	c2
6.54179127503517e-11	1.24299786658578	0.035	0.022	2.1939859578213e-06	FCRL6	c2
6.72527503089117e-11	0.178653249266028	0.152	0.204	2.25552273986028e-06	CSNK1D	c2
6.78317453623812e-11	0.233921452220322	0.314	0.381	2.27494107596354e-06	HSPA1B	c2
7.37921622535569e-11	0.10860567722666	0.065	0.095	2.47484153765979e-06	CLSTN1	c2
7.66228215649124e-11	0.180304658299808	0.072	0.104	2.56977618964403e-06	PPP3CA	c2
8.13934763939471e-11	0.227600512472295	0.123	0.168	2.7297744113002e-06	SENP6	c2
8.43986221248590e-11	0.802168942995584	0.198	0.176	2.83056098882352e-06	NEU1	c2
8.46965165820733e-11	0.103002135425908	0.093	0.13	2.84055177312957e-06	NBPF26	c2
8.82269839768438e-11	0.198800825010134	0.191	0.253	2.95895658861539e-06	CDC42SE1	c2
8.84105294265899e-11	0.133557625384103	0.104	0.143	2.96511233590897e-06	MKRN1	c2
9.04186182408886e-11	0.144359694435141	0.08	0.114	3.03245961856292e-06	ZNF721	c2
9.53859201398693e-11	1.09945819788966	0.035	0.021	3.19905298965094e-06	S1PR5	c2
9.5816226635597e-11	0.13815062865223	0.045	0.07	3.21348460890465e-06	NEK9	c2
9.72417589826227e-11	0.751534893824546	0.236	0.22	3.2612941127592e-06	NFATC2	c2
9.92146369840342e-11	0.185207597132259	0.108	0.149	3.32746049517054e-06	SAFB2	c2
9.99108433022944e-11	0.191119738194631	0.074	0.107	3.35080986267235e-06	SLC25A32	c2
1.0204913845083e-10	1.61922988098953	0.015	0.007	3.42252400536393e-06	CFH	c2
1.02882447171745e-10	0.22405892500549	0.098	0.137	3.45047151324599e-06	GSK3B	c2
1.04787860808863e-10	0.107554537394728	0.045	0.07	3.51437527580764e-06	MCPH1	c2
1.09740180729041e-10	0.171845926865347	0.149	0.199	3.68046618129057e-06	EVI2B	c2
1.16413672237366e-10	0.182500008689527	0.759	0.81	3.90428173949679e-06	PTPRCAP	c2
1.16664180527739e-10	0.173323530182945	0.179	0.237	3.91268328653932e-06	CASP4	c2
1.1909333719343e-10	0.12166604730147	0.061	0.09	3.99415234279324e-06	KDM6A	c2
1.25276971174484e-10	0.169345240884641	0.195	0.256	4.20153905924984e-06	PRMT2	c2
1.26994048748563e-10	0.129072099862512	0.053	0.081	4.25912640692931e-06	BSDC1	c2
1.28415844002867e-10	0.152343214242893	0.045	0.07	4.30681057616814e-06	DCAF6	c2
1.30603017730079e-10	0.16056853236737	0.058	0.086	4.38016400863141e-06	GATAD2B	c2
1.36757211363034e-10	0.187289774089196	0.096	0.133	4.58656335469343e-06	CARD8	c2
1.43348740874121e-10	0.197447304747037	0.059	0.088	4.80763007143628e-06	TRIM33	c2
1.46364261139525e-10	0.168180246023203	0.038	0.061	4.90876459009739e-06	NOTCH1	c2
1.47320396905828e-10	0.131382903475461	0.035	0.058	4.94083147142765e-06	INTS8	c2
1.50924132060478e-10	0.203101857109219	0.112	0.154	5.06169354104432e-06	C1orf52	c2
1.51379625672333e-10	0.114002633939562	0.129	0.172	5.0769698857987e-06	SYTL1	c2
1.51434319289689e-10	0.218474074012392	0.047	0.073	5.07880420033759e-06	RAB3GAP2	c2
1.56819974961706e-10	0.126760134335615	0.051	0.077	5.25942832026569e-06	SCAF8	c2
1.59147792882458e-10	0.133723830814706	0.03	0.051	5.33749867769188e-06	MED11	c2
1.66807489296561e-10	0.106094893410091	0.056	0.083	5.59438957602807e-06	C6orf226	c2
1.69202044352563e-10	0.180332167063155	0.134	0.18	5.67469816349624e-06	SETD2	c2
1.78835944552375e-10	0.157375100948676	0.037	0.06	5.99779990839756e-06	ATF7	c2
1.87090776104398e-10	0.129291543138497	0.054	0.082	6.2746504489893e-06	ARHGAP17	c2
1.90734329768799e-10	0.177708104241264	0.207	0.274	6.39684795178598e-06	TBRG1	c2
1.95270357830996e-10	0.108701554415815	0.028	0.048	6.54897726093596e-06	TBC1D31	c2
1.99343959177303e-10	0.159942487637969	0.053	0.08	6.68559770288837e-06	PSMG4	c2
2.03556771553808e-10	0.152988189041101	0.03	0.051	6.82688700437162e-06	IPO8	c2
2.06360387171548e-10	0.187195982214804	0.088	0.123	6.92091466495937e-06	ANKHD1	c2
2.10483700987126e-10	0.120607744347881	0.31	0.401	7.05920236370624e-06	ACAP1	c2
2.35114753672495e-10	0.116771427064739	0.082	0.115	7.88527860866814e-06	RNPEPL1	c2
2.38134763792016e-10	0.119821872842303	0.085	0.119	7.98656370805663e-06	TARSL2	c2
2.50787818564348e-10	0.165371410822581	0.053	0.08	8.4109218590111e-06	DYM	c2
2.51877105749012e-10	0.163675301026424	0.033	0.054	8.44745437261037e-06	TRMU	c2
2.60401812521815e-10	0.103677709004125	0.044	0.069	8.73335598835662e-06	MAP4K4	c2
2.7089908879106e-10	0.159829018257726	0.065	0.095	9.08541363987457e-06	DDX39B	c2
2.71432380741862e-10	0.104291032782358	0.207	0.268	9.10329918532056e-06	SBDS	c2
2.80298245086181e-10	0.981957294736095	0.064	0.045	9.40064254370034e-06	TRGV9	c2
2.83373159989169e-10	0.138986059909532	0.05	0.076	9.50376903971676e-06	AGL	c2
2.92195259077585e-10	0.161452042693741	0.17	0.224	9.79964459894404e-06	TMC8	c2
2.98470910103775e-10	0.168213965597507	0.038	0.061	1.00101173830604e-05	ABHD2	c2
3.09797873753478e-10	0.252517013818907	0.076	0.109	1.03900010899441e-05	DAXX	c2
3.10061121476097e-10	0.145813327248328	0.073	0.104	1.03988298920653e-05	TAZ	c2
3.10600789742051e-10	0.195054142301285	0.047	0.072	1.04169292863689e-05	PUS7L	c2
3.29343402613718e-10	0.621365269637222	0.344	0.337	1.10455190368589e-05	GADD45B	c2
3.32518033982201e-10	0.278656368647048	0.165	0.222	1.1151989823695e-05	SMG1	c2
3.34479231554178e-10	1.32403029630896	0.022	0.012	1.1217764467864e-05	DDN-AS1	c2
3.43592098910472e-10	0.912123930615085	0.089	0.068	1.15233918132594e-05	CSKMT	c2
3.53717285048417e-10	0.125780908040191	0.062	0.091	1.18629703059538e-05	STAT5B	c2
3.75178405063326e-10	0.171680893479728	0.027	0.047	1.25827333490138e-05	SSFA2	c2
3.81216641321759e-10	0.106497401081008	0.066	0.095	1.27852437166492e-05	CLK4	c2
4.16994233942948e-10	0.197701700065843	0.172	0.227	1.39851526179786e-05	MPHOSPH8	c2
4.42459434684206e-10	0.103394659348298	0.027	0.046	1.48392045204389e-05	OGFOD1	c2
4.42632121514904e-10	0.127761960324991	0.056	0.083	1.48449960913669e-05	KIAA0232	c2
4.45372410733765e-10	0.177505183580119	0.058	0.085	1.4936899911189e-05	GIMAP6	c2
4.63459471049207e-10	0.260030925524694	0.113	0.153	1.55435037400483e-05	PLEKHA2	c2
4.71481639179617e-10	0.216646790482432	0.089	0.124	1.5812551214806e-05	TRIM28	c2
4.73494051922007e-10	0.146179405712839	0.209	0.27	1.58800435133603e-05	ITGA4	c2
4.92296632485593e-10	0.179232381475533	0.101	0.138	1.65106444603018e-05	RGS14	c2
5.09766344213347e-10	0.161309427958481	0.044	0.068	1.70965436522272e-05	C1orf174	c2
5.305267608253e-10	0.233600574193441	0.057	0.084	1.77928065045589e-05	SLMAP	c2
5.36254636041978e-10	0.174281507614698	0.06	0.088	1.79849079835758e-05	CCDC88B	c2
5.70324522881705e-10	0.230310750888353	0.719	0.769	1.91275438484066e-05	PTPRC	c2
6.04961608829774e-10	0.1742584162418	0.092	0.126	2.0289202436933e-05	RALGDS	c2
6.09070952646671e-10	0.139894325363408	0.035	0.057	2.0427021609864e-05	NIPAL3	c2
6.23804082167924e-10	0.211435212079905	0.054	0.08	2.09211413077478e-05	PTGES2	c2
6.23969944072421e-10	0.137520863708145	0.043	0.067	2.09267039843009e-05	ZBTB11	c2
6.55666994804547e-10	0.173275375788387	0.157	0.207	2.19897596717549e-05	SSH2	c2
6.87479605118617e-10	0.191590220939649	0.061	0.09	2.30566909964682e-05	KIF21A	c2
7.05144644105827e-10	0.221788275466477	0.042	0.065	2.36491410740212e-05	MAP3K7	c2
7.10986665491348e-10	0.165536645473771	0.057	0.084	2.38450707872488e-05	TNRC6A	c2
7.12671085544197e-10	0.125692232049478	0.042	0.065	2.39015628669813e-05	NCLN	c2
7.42362361434715e-10	0.128945224510591	0.087	0.121	2.48973488777975e-05	MAD1L1	c2
7.57362782571923e-10	0.10111666965547	0.042	0.065	2.54004330018972e-05	DCUN1D1	c2
7.60696390217211e-10	0.166516497944454	0.069	0.098	2.55122355351048e-05	EML3	c2
8.02911451505905e-10	0.230974653788357	0.088	0.122	2.6928044260605e-05	USP9X	c2
8.20731495079371e-10	0.185774632602334	0.146	0.194	2.7525692881972e-05	PITHD1	c2
8.35889390043737e-10	0.204169482209654	0.16	0.212	2.80340583632869e-05	DHX36	c2
8.56777988154333e-10	0.18270956027134	0.046	0.07	2.873462016672e-05	POM121	c2
8.59875121685616e-10	0.176759254971971	0.064	0.092	2.88384918310922e-05	DCP1A	c2
8.72839865445465e-10	0.188533399283416	0.183	0.24	2.927330340731e-05	ARRB2	c2
9.01498774773042e-10	0.10292084674037	0.048	0.073	3.02344659083383e-05	USP42	c2
9.0531270274223e-10	0.114427357070511	0.04	0.062	3.03623774245689e-05	ECPAS	c2
9.29986646996824e-10	0.111369593325864	0.049	0.074	3.11898921669795e-05	MCM3AP	c2
9.92769942603321e-10	0.178705211709553	0.049	0.074	3.32955183350302e-05	NUDCD3	c2
9.97687627788877e-10	0.11982473939923	0.039	0.062	3.34604476607834e-05	FASTKD2	c2
1.0316941186761e-09	0.205080495102969	0.047	0.071	3.4600957352159e-05	DZIP3	c2
1.056890013972e-09	0.155249870832018	0.277	0.357	3.54459772885928e-05	SEPT9	c2
1.07725233268739e-09	0.179071041685294	0.084	0.118	3.61288887336696e-05	TTC19	c2
1.08775567656258e-09	1.80212166290225	0.012	0.005	3.64811498805558e-05	SLC4A4	c2
1.1062354762094e-09	0.117404485240307	0.158	0.205	3.71009254011109e-05	HLA-DQB1	c2
1.10640216055125e-09	0.250606111643076	0.058	0.085	3.71065156605679e-05	ICE1	c2
1.10660826331151e-09	0.2226076931941	0.196	0.258	3.71134279349414e-05	ANKRD44	c2
1.11508184032212e-09	0.173597592608266	0.233	0.305	3.73976147607232e-05	TECR	c2
1.13694461706946e-09	0.231532674452807	0.049	0.073	3.81308485672756e-05	CEP95	c2
1.14669557219286e-09	0.220867611231943	0.069	0.099	3.84578761002043e-05	NUP153	c2
1.18054103325678e-09	0.108866999346709	0.09	0.123	3.95929851733658e-05	CDC25B	c2
1.20627285676009e-09	0.105043798691981	0.033	0.053	4.04559790700199e-05	MTMR2	c2
1.20835187034673e-09	0.196775753761767	0.15	0.198	4.05257050276885e-05	B3GNT2	c2
1.27653707294068e-09	0.204540551623708	0.152	0.201	4.28125003522847e-05	DNAJC1	c2
1.30539587426678e-09	0.168598711346152	0.047	0.071	4.37803668311591e-05	MYSM1	c2
1.33466350274991e-09	0.149495260822374	0.031	0.051	4.47619445552266e-05	EMC2	c2
1.35517791315687e-09	0.178600901823718	0.029	0.048	4.54499568514552e-05	RNF219	c2
1.39371214002709e-09	0.204550964532526	0.097	0.132	4.67423177522286e-05	SLFN12L	c2
1.42543815340013e-09	0.123274944142831	0.072	0.102	4.78063447887337e-05	NELL2	c2
1.43564930223262e-09	0.117990950930606	0.042	0.064	4.81488062982776e-05	ZNF384	c2
1.43728419890928e-09	0.128159837064696	0.045	0.068	4.82036374630196e-05	ZNF585A	c2
1.47445856125656e-09	0.373233024119433	0.067	0.048	4.94503912274223e-05	FGFBP2	c2
1.5810446762615e-09	0.153535457017185	0.07	0.099	5.30250763524582e-05	ASAH1	c2
1.58791186088544e-09	0.246963279902386	0.077	0.108	5.3255387990376e-05	TM9SF3	c2
1.59075366351570e-09	0.208778797471899	0.107	0.145	5.33506963669894e-05	RB1CC1	c2
1.68038819533759e-09	0.102197079142137	0.048	0.072	5.63568592952321e-05	STYX	c2
1.68957530007915e-09	0.354916861392503	0.66	0.691	5.66649764140545e-05	JUN	c2
1.78049027554296e-09	0.142372636991718	0.854	0.892	5.97140828611598e-05	HLA-C	c2
1.79182391047948e-09	0.126472693966614	0.072	0.101	6.00941903096608e-05	NDEL1	c2
1.80836618365124e-09	0.117340651984186	0.084	0.116	6.06489850672953e-05	TMBIM1	c2
1.86789630952767e-09	0.108550789402821	0.046	0.069	6.2645506428939e-05	CLASP1	c2
1.88744003988745e-09	0.131538044131804	0.051	0.076	6.33009640577453e-05	TRIM4	c2
1.89133614276178e-09	0.126426221507148	0.028	0.047	6.34316315559446e-05	SLC38A5	c2
1.90710804313756e-09	0.139202728823955	0.019	0.035	6.39605895507474e-05	DNAJC11	c2
1.97671266959955e-09	0.13883220460827	0.054	0.079	6.62949895130296e-05	NPIPB5	c2
2.02373199604482e-09	0.189072478428809	0.079	0.11	6.78719236833512e-05	TAOK1	c2
2.06731894566446e-09	0.141960287549438	0.141	0.185	6.93337427996945e-05	KDM2A	c2
2.19101460358242e-09	0.120839945596171	0.058	0.084	7.34822477749471e-05	FBXO44	c2
2.23501563097265e-09	0.260948899149855	0.03	0.049	7.49579542315607e-05	TCHP	c2
2.24185419154781e-09	0.199967292121549	0.073	0.103	7.51873058761304e-05	CLK3	c2
2.24452931313738e-09	0.123701078991004	0.027	0.045	7.52770241040015e-05	SP1	c2
2.27777918252087e-09	0.202104343777229	0.057	0.083	7.63921582233848e-05	XAB2	c2
2.29764601038288e-09	0.129737137760413	0.056	0.081	7.70584518962212e-05	PRR5	c2
2.35061217439708e-09	0.233996751530113	0.182	0.237	7.88348311049291e-05	ATP1B3	c2
2.35093984929994e-09	0.131933992008371	0.065	0.092	7.88458206658214e-05	COG3	c2
2.35185565024891e-09	0.227926110430248	0.05	0.074	7.88765347980481e-05	ECD	c2
2.49232363709188e-09	0.123537845371399	0.03	0.049	8.35875501407875e-05	TBRG4	c2
2.67150162631555e-09	0.195689215375423	0.045	0.068	8.95968215433708e-05	NUP214	c2
2.78907753602983e-09	0.114951784827332	0.022	0.039	9.35400824033683e-05	MYO19	c2
2.84427385061852e-09	0.245260960647878	0.142	0.188	9.53912564020439e-05	DGCR6L	c2
2.84783942729106e-09	0.253109626850774	0.071	0.1	9.55108387124874e-05	HERC4	c2
2.89238624822273e-09	0.169435524287126	0.047	0.071	9.70048499928938e-05	MAN1B1	c2
2.90806492081854e-09	0.200457103923885	0.044	0.067	9.75306813144122e-05	HIST1H2AC	c2
2.92154908976253e-09	0.132466252639269	0.058	0.084	9.79829133724556e-05	LATS1	c2
2.93297550904967e-09	0.152395137554558	0.045	0.068	9.83661326225077e-05	TP53BP1	c2
2.9461660497285e-09	0.126586627706251	0.044	0.067	9.88085169757943e-05	ATR	c2
2.94834130844833e-09	0.256053708276375	0.16	0.211	9.88814708027402e-05	RASA2	c2
2.96722616663071e-09	0.249340830412029	0.057	0.083	9.95148311764608e-05	LINC01934	c2
2.99326068774472e-09	0.152867418336351	0.038	0.059	0.000100387976945583	NBAS	c2
3.01929953497989e-09	0.210980109241898	0.05	0.075	0.000101261267804155	NF1	c2
3.04496476975709e-09	0.207739519209097	0.062	0.089	0.000102122028448113	DPP8	c2
3.04643676514415e-09	0.253013700413225	0.095	0.13	0.000102171396229405	NUTM2A-AS1	c2
3.3225434826281e-09	0.104562051075457	0.019	0.034	0.000111431463320381	DVL3	c2
3.39285169625234e-09	0.117355483992743	0.051	0.075	0.000113789460188911	TAPBPL	c2
3.40486090445734e-09	0.216390237202775	0.116	0.155	0.00011419222501369	TBPL1	c2
3.5695750848737e-09	0.206754262042033	0.078	0.108	0.000119716409196494	RNF168	c2
3.72751039591884e-09	0.199980051413104	0.181	0.236	0.000125013243658326	ATP1A1	c2
3.73611848096508e-09	0.193522886800429	0.046	0.069	0.000125301941614607	UNK	c2
3.74613892736107e-09	0.219077023042253	0.036	0.057	0.000125638007345836	NUP133	c2
3.97234697250094e-09	0.164823647235113	0.053	0.078	0.000133224572763737	DNAJB2	c2
3.98781403714742e-09	0.157817797595589	0.106	0.142	0.00013374330717785	PLEC	c2
4.04883481713462e-09	0.257159097880144	0.07	0.099	0.000135789822097061	ANKRD36C	c2
4.07828136196948e-09	0.212455104985986	0.091	0.124	0.000136777400317732	CCNL2	c2
4.0832088242131e-09	0.197267678927709	0.058	0.084	0.000136942657546459	UNC13D	c2
4.13347041119208e-09	0.122330611833662	0.06	0.086	0.00013862833065056	CYTH2	c2
4.20778383964188e-09	0.157508208114352	0.156	0.202	0.000141120654413909	RNF138	c2
4.44177871176413e-09	0.238314396257873	0.064	0.092	0.000148968374435145	SACM1L	c2
4.44549783888602e-09	0.188561163601453	0.052	0.076	0.000149093106520559	MTR	c2
4.51504849927803e-09	0.224034970919246	0.094	0.129	0.000151425696568787	THAP7	c2
4.59186031150246e-09	0.10801421532697	0.09	0.122	0.000154001811127169	YPEL3	c2
4.64993584349492e-09	0.120813370143817	0.025	0.043	0.000155949548319133	HMG20A	c2
4.69190378214132e-09	0.163046837719039	0.057	0.082	0.000157357069045456	FBXO21	c2
4.71100229468811e-09	0.745058184736676	0.175	0.155	0.00015799759495925	MIDN	c2
4.87541834145606e-09	0.20803752112115	0.115	0.154	0.000163511780335753	IL16	c2
5.14977479758979e-09	0.109168042072601	0.034	0.053	0.000172713147161567	FAM168B	c2
5.16007934895101e-09	0.229981338129857	0.06	0.086	0.000173058741205119	ZZEF1	c2
5.3081627154668e-09	0.247580757659952	0.056	0.081	0.000178025161151326	ANKRD36	c2
5.35657875579747e-09	0.152949234591077	0.164	0.212	0.000179648938311935	SYAP1	c2
5.38545954560623e-09	0.220243049250615	0.078	0.108	0.000180617542240542	ZNF683	c2
5.55553986441103e-09	0.223970032773338	0.068	0.096	0.000186321695972617	GPS2	c2
5.56309903248585e-09	0.119152266883502	0.021	0.038	0.00018657521535151	ROCK2	c2
5.85364774617156e-09	0.159216448402113	0.707	0.779	0.000196319638111102	RPL38	c2
5.85784043470168e-09	0.242085891455565	0.115	0.154	0.000196460252499025	LENG8	c2
5.90157081476298e-09	0.615620361315203	0.337	0.338	0.000197926881985521	TAGAP	c2
6.06926477420789e-09	0.108855187991541	0.012	0.025	0.000203551001997384	SETBP1	c2
6.07821565257302e-09	0.157505691408846	0.204	0.262	0.000203851196555994	GTF2B	c2
6.15729473939371e-09	0.160838745914476	0.04	0.061	0.000206503350969786	HTT	c2
6.20773938713511e-09	0.184800468915971	0.049	0.073	0.000208195163565737	RBM10	c2
6.32592868385885e-09	0.183297159572891	0.039	0.06	0.000212158996199258	ZBTB43	c2
6.52559010897934e-09	0.123624154568093	0.033	0.052	0.000218855241074949	ANAPC2	c2
6.550001193779e-09	0.110628912208749	0.047	0.07	0.00021967394003696	DGLUCY	c2
6.59783638418359e-09	0.15072854998273	0.042	0.063	0.000221278236652749	KRI1	c2
6.67478210235981e-09	0.207822276297513	0.07	0.098	0.000223858842148943	STIM2	c2
6.80753090476473e-09	0.141530301716577	0.057	0.082	0.000228310971484	KPNA1	c2
6.84140947378428e-09	1.62644967187577	0.013	0.006	0.000229447190931777	COL6A2	c2
6.8683207852669e-09	0.194976507831184	0.087	0.119	0.000230349742496281	MON2	c2
6.91145997504391e-09	0.145187779399916	0.2	0.257	0.000231796544643023	CHD1	c2
7.03975592510006e-09	0.176364310886651	0.07	0.098	0.000236099334216006	LIX1L	c2
7.13137164444432e-09	0.120933604267472	0.177	0.226	0.000239171942211374	XBP1	c2
7.13500401797717e-09	0.109783035505475	0.028	0.046	0.000239293764754918	NUDT3	c2
7.20822715204882e-09	0.733414048348046	0.096	0.075	0.000241749522225413	XCL1	c2
7.64274468464383e-09	0.236256470847339	0.099	0.134	0.000256322371233585	RHOT2	c2
8.21502712478396e-09	0.164260699411161	0.052	0.076	0.000275515579711005	EXOC2	c2
8.30973787364337e-09	0.137626181247801	0.053	0.077	0.000278691988806251	ZNF506	c2
8.3951902858602e-09	0.148008948158513	0.037	0.058	0.000281557891807179	AL390728.5	c2
8.40481298444995e-09	0.166518388181013	0.037	0.058	0.000281880617872482	NFX1	c2
8.41821183886616e-09	0.291379619216715	0.038	0.059	0.000282329988651893	AKT1	c2
8.48913395757215e-09	0.131382492475549	0.026	0.044	0.000284708574669055	PPP4R1	c2
8.49084492695661e-09	0.257786233907008	0.072	0.101	0.000284765957160271	CTBP1	c2
8.55115710549439e-09	0.211031418039362	0.037	0.058	0.000286788707004071	BMS1	c2
8.71688051565469e-09	0.269379927037873	0.054	0.079	0.000292346738734027	EP400	c2
8.75158845813465e-09	0.134903896440903	0.05	0.073	0.00029351077370892	KAT8	c2
8.82923795820201e-09	0.105083656970374	0.026	0.043	0.000296114982642179	NPLOC4	c2
8.94121863200529e-09	0.106544960365795	0.239	0.301	0.000299870590480193	PTGER4	c2
9.11248228866036e-09	0.215287183824615	0.079	0.109	0.000305614430997091	UTY	c2
9.18458382618047e-09	0.264910300445405	0.084	0.115	0.000308032572362441	ARHGEF7	c2
9.30955851340118e-09	0.184332001693611	0.11	0.146	0.000312223973422449	OFD1	c2
9.3243419641649e-09	0.23313527247252	0.028	0.046	0.000312719780794162	STK39	c2
9.33991555763448e-09	0.20220141546144	0.038	0.058	0.000313242087971945	VPS39	c2
9.63562852968489e-09	0.245263356198191	0.069	0.097	0.000323159709628572	CARD11	c2
9.82051404680724e-09	0.130981356814514	0.049	0.072	0.000329360400101821	USP20	c2
9.97235707971927e-09	0.246624858949439	0.108	0.145	0.000334452911739625	TTC17	c2
1.03263341555046e-08	0.14005163370911	0.026	0.043	0.000346324594907314	FZR1	c2
1.05868269213131e-08	0.194026587463461	0.06	0.085	0.000355061001286997	XPA	c2
1.06844492319748e-08	0.195347619236109	0.055	0.079	0.000358335058341972	WWP1	c2
1.09585118579877e-08	0.20408234815471	0.151	0.197	0.00036752657069319	NIPBL	c2
1.09926842131375e-08	0.199358062029248	0.036	0.056	0.000368672643140206	CEP78	c2
1.10279259339095e-08	0.17613564657748	0.039	0.059	0.000369854579971458	HLA-DQA2	c2
1.10513698840054e-08	0.157641526076061	0.037	0.057	0.000370640843169774	RPRD1A	c2
1.15469037655805e-08	0.12598035914396	0.341	0.435	0.000387260058490037	RABAC1	c2
1.15799028274249e-08	0.28064106573151	0.064	0.091	0.000388366781026177	SRM	c2
1.18017668888856e-08	0.173705573421893	0.022	0.039	0.000395807657919444	TMEM127	c2
1.18454290700647e-08	0.21509433918147	0.095	0.128	0.00039727200015183	BAZ2A	c2
1.19373692631885e-08	0.13487970019506	0.068	0.095	0.000400355490348816	PPP2R5A	c2
1.25455646756278e-08	0.189507910981261	0.046	0.068	0.000420753148091206	COIL	c2
1.29151189637114e-08	0.17972077789256	0.056	0.08	0.000433147259804953	GTF2IRD2B	c2
1.30296958391359e-08	0.192629046076057	0.05	0.073	0.000436989939052939	AHCTF1	c2
1.33068958876993e-08	0.135168226355487	0.029	0.047	0.00044628667428166	R3HCC1L	c2
1.33096131799844e-08	0.146750130542503	0.03	0.048	0.000446377806830317	POLR2J3.1	c2
1.40013734802787e-08	0.143733085929764	0.045	0.067	0.000469578063781585	SEC23A	c2
1.40356418572462e-08	0.212192771299982	0.631	0.704	0.000470727356608322	TOMM7	c2
1.43279689523904e-08	0.214350606150018	0.036	0.056	0.00048053142272527	DTX2	c2
1.43821783555644e-08	0.248608679054619	0.057	0.082	0.000482349497688918	CD2AP	c2
1.43880395834251e-08	0.10027860384366	0.023	0.039	0.00048254607154891	COQ8B	c2
1.48909216206234e-08	0.140044285698258	0.034	0.054	0.000499411729312468	ING4	c2
1.49292531733613e-08	0.144261974190259	0.036	0.055	0.000500697292928191	TSPYL4	c2
1.53103702427412e-08	0.116063860820727	0.022	0.037	0.000513479197201056	MFN2	c2
1.5648355997749e-08	0.196149664109075	0.212	0.273	0.000524814563452505	ATF4	c2
1.60335647270204e-08	0.263472154872332	0.11	0.146	0.000537733693814809	TES	c2
1.6172559206676e-08	0.168465123070989	0.08	0.11	0.0005423952906735	MAGED2	c2
1.63357549582119e-08	0.104832888520753	0.018	0.032	0.000547868549788512	TRMT13	c2
1.6338534689598e-08	0.187867854418733	0.024	0.04	0.000547961776419739	ASB7	c2
1.662450361682e-08	0.352899654185727	0.027	0.017	0.000557552602300908	TRBV6-6	c2
1.66830726147669e-08	0.247447251730195	0.116	0.154	0.000559516889354052	MED15	c2
1.66896478900992e-08	0.196953012489264	0.026	0.043	0.000559737410938148	FAM83D	c2
1.7130140790579e-08	0.170212150234229	0.044	0.066	0.000574510661834439	ZNF830	c2
1.73709661100809e-08	0.235050343833759	0.214	0.278	0.000582587461399892	WNK1	c2
1.77967088525048e-08	0.148650477812107	0.02	0.035	0.000596866021495307	TBC1D10B	c2
1.79796577781974e-08	0.210235505255166	0.032	0.051	0.000603001762565185	TIMM10B	c2
1.8530904073104e-08	0.125823659294473	0.047	0.069	0.000621489460803763	CHERP	c2
1.88846239187707e-08	0.105121260125044	0.026	0.043	0.000633352516987731	ZNF236	c2
1.90372395598721e-08	0.119940515197089	0.027	0.045	0.000638470940358989	ZNF226	c2
1.91707784487725e-08	0.29096810758413	0.137	0.18	0.000642949567614933	ERAP2	c2
1.9699015125678e-08	0.150012681246236	0.049	0.072	0.000660665569284989	RLIM	c2
1.99797612186626e-08	0.2315060266064	0.043	0.065	0.000670081231751505	NOP2	c2
2.02659064070949e-08	0.441947141727223	0.381	0.388	0.000679677969081149	ADGRE5	c2
2.08895977291612e-08	0.248738131116655	0.277	0.248	0.000700595328640608	CTSW	c2
2.10982604977916e-08	0.197476747242187	0.069	0.096	0.000707593460574933	RRP1B	c2
2.19007932388035e-08	0.152597626835842	0.024	0.04	0.000734508803642991	CRK	c2
2.20034576764991e-08	1.7096910359038	0.017	0.009	0.000737951963554426	PDGFD	c2
2.23505078614073e-08	0.208861935339913	0.054	0.078	0.000749591332655879	CLSTN3	c2
2.24296939210969e-08	0.212906902612985	0.038	0.058	0.000752247074725747	HLA-DMB	c2
2.2834511290178e-08	0.103295731904382	0.371	0.469	0.000765823839649991	KMT2E	c2
2.29237813787294e-08	0.244565984099724	0.128	0.166	0.000768817779879827	ATF3	c2
2.33215851383522e-08	0.160156934558099	0.03	0.048	0.000782159322370056	BICD1	c2
2.36702212720062e-08	0.105564514335443	0.033	0.052	0.000793851881020544	MAP2K5	c2
2.38021388555148e-08	0.183152308244513	0.074	0.101	0.000798276132936257	MIA2	c2
2.38391114299859e-08	0.120428563547011	0.035	0.054	0.000799516119138868	RNF214	c2
2.4202925217008e-08	0.152473576519691	0.031	0.048	0.000811717705928015	ANKRD54	c2
2.55600396216549e-08	0.175975061677494	0.028	0.045	0.000857232608831061	GCDH	c2
2.62027636529531e-08	0.164971142870387	0.026	0.043	0.00087878828739274	FBXO38	c2
2.62762105164463e-08	0.26913752682066	0.057	0.081	0.000881251548300576	FAM126B	c2
2.69828859390844e-08	0.102774934763347	0.02	0.035	0.000904952028625013	TOGARAM2	c2
2.70500887726938e-08	0.109485754174009	0.063	0.088	0.000907205877258605	RCE1	c2
2.72074049115842e-08	1.45256276111361	0.023	0.014	0.000912481945924712	SMAGP	c2
2.76117519570232e-08	0.227751304461494	0.038	0.058	0.000926042937134645	ZDHHC5	c2
2.78098363189352e-08	0.185669086563187	0.06	0.085	0.000932686290464449	ACYP2	c2
2.81687538419611e-08	0.106570039930514	0.044	0.065	0.00094472366635169	CNOT10	c2
2.94576428886332e-08	0.108937330149964	0.038	0.058	0.000987950427198982	CDK5RAP1	c2
2.98922477569302e-08	0.18046461626353	0.034	0.053	0.00100252620527193	AEBP2	c2
3.05097785848329e-08	0.356549302781046	0.049	0.071	0.00102323695417813	MNAT1	c2
3.05494584211613e-08	0.153665015944366	0.025	0.042	0.00102456773652891	ITPRIPL1	c2
3.05676718159479e-08	0.118906259893719	0.258	0.322	0.00102517857736326	C12orf75	c2
3.07460890965725e-08	0.184167124583617	0.052	0.075	0.00103116233612085	HIPK3	c2
3.10947943012514e-08	0.307284530879032	0.075	0.103	0.00104285721127537	PSD4	c2
3.1348834609892e-08	0.144317135234032	0.04	0.06	0.00105137721514656	KDM5D	c2
3.31830390493669e-08	0.14826953640007	0.024	0.039	0.00111289276363767	HIP1	c2
3.37487287618346e-08	0.192241229629432	0.087	0.117	0.00113186486521441	DYNLT3	c2
3.45377471438504e-08	0.219295287871202	0.114	0.15	0.00115832696371046	CIR1	c2
3.48842425663833e-08	0.212306364582825	0.026	0.042	0.00116994772719136	SRBD1	c2
3.59553897685885e-08	0.261304617188617	0.113	0.149	0.00120587186205892	SECISBP2	c2
3.66430638203127e-08	0.196655349686286	0.034	0.052	0.00122893507440565	REXO4	c2
3.92085356218415e-08	0.269923506279557	0.084	0.113	0.00131497586768532	PKN1	c2
3.96239415045335e-08	0.159851004753951	0.043	0.064	0.00132890775017904	KLHL7	c2
4.02224312868439e-08	0.289779269060886	0.084	0.114	0.00134897990049817	UBR2	c2
4.0395234177351e-08	0.155891668101001	0.054	0.077	0.00135477536384	CCDC97	c2
4.11765913565634e-08	0.135220539837396	0.151	0.193	0.00138098052091642	IRF2BP2	c2
4.13963264232168e-08	0.276846049146123	0.128	0.167	0.00138834999558185	PCSK7	c2
4.16077933305824e-08	0.158014855503737	0.084	0.113	0.00139544217272107	TRMT10C	c2
4.27441022961434e-08	0.310438616412372	0.1	0.134	0.00143355170280806	TMEM259	c2
4.29485726393925e-08	0.176641232027605	0.064	0.089	0.00144040922917995	USP38	c2
4.30141272286947e-08	0.174956216426747	0.056	0.08	0.00144260779899596	CDKN2D	c2
4.3581714892501e-08	0.193733515180124	0.068	0.094	0.0014616435540647	FAM214A	c2
4.37010783468428e-08	0.163276634456141	0.04	0.06	0.00146564676559642	GTPBP6	c2
4.64159293404516e-08	0.10836138172421	0.042	0.062	0.00155669743822006	AC010642.2	c2
4.80714504407315e-08	0.239954970768544	0.021	0.036	0.00161222030488125	CASD1	c2
4.89076285869803e-08	0.241340684907821	0.047	0.069	0.00164026404755015	GTPBP8	c2
4.93137861357591e-08	0.125611809336047	0.038	0.057	0.00165388575942109	BRAT1	c2
4.95440854334388e-08	0.205364437926724	0.018	0.032	0.00166160953726667	TGDS	c2
5.06964851435578e-08	0.226588054972062	0.255	0.324	0.00170025871874464	ZAP70	c2
5.12395370715745e-08	0.175688257357439	0.035	0.054	0.00171847159430647	KIF3A	c2
5.19246324653045e-08	0.156644962381891	0.044	0.065	0.00174144832362138	NPRL2	c2
5.21453269362426e-08	0.262309873374784	0.084	0.114	0.0017488499747877	UBR4	c2
5.46018735402729e-08	0.24141083883485	0.047	0.069	0.00183123763479367	PLEKHO1	c2
5.52701704279685e-08	0.184497357927479	0.053	0.076	0.00185365097581321	KIAA1468	c2
5.59361200132003e-08	0.149406332210396	0.031	0.049	0.00187598559300271	D2HGDH	c2
5.69562617638409e-08	0.147119707439333	0.05	0.071	0.0019101991070357	ATP13A1	c2
5.77426317907028e-08	0.186294752534337	0.194	0.248	0.00193657238499659	CHIC2	c2
5.95414990312913e-08	0.794019919562277	0.122	0.103	0.00199690279451145	IFNGR1	c2
5.982824516919e-08	0.107005196115737	0.028	0.045	0.00200651968648429	HARS2	c2
6.2902085357195e-08	0.110001731656385	0.023	0.038	0.00210961013870961	TSTD2	c2
6.36636290553899e-08	0.145368647428041	0.029	0.045	0.00213515079125967	ARFGEF2	c2
6.782779272181e-08	0.208487908602041	0.078	0.106	0.00227480851230406	DNAAF2	c2
7.10404466415394e-08	0.172739799537537	0.04	0.059	0.00238255449946395	SOS1	c2
7.38055716390481e-08	0.138188761049759	0.047	0.068	0.00247529126163039	TBC1D9B	c2
7.42235791626245e-08	0.138239554847672	0.335	0.427	0.0024893103979561	EIF3G	c2
7.51830276262764e-08	0.180738899083063	0.024	0.04	0.00252148838053006	DDX10	c2
7.57582461951744e-08	0.314415835640528	0.1	0.133	0.00254078006089376	ARID1A	c2
7.76722059185093e-08	0.233461217528004	0.019	0.033	0.00260497044209496	MAPK9	c2
7.8716395235339e-08	0.124602188029459	0.906	0.944	0.0026399904634028	RPS26	c2
8.01257168072126e-08	0.206105405496996	0.028	0.045	0.0026872562902803	SLC5A6	c2
8.1529806004416e-08	0.131540090326154	0.023	0.038	0.0027343466337761	TMEM161B	c2
8.3346337797513e-08	0.230608786100948	0.085	0.114	0.00279526947705299	EBLN3P	c2
8.58328918322095e-08	0.312365049765335	0.096	0.128	0.00287866352626864	CMIP	c2
8.60156349382609e-08	0.170468254750794	0.086	0.115	0.00288479236455939	CDKN2AIP	c2
8.76689299319837e-08	0.180696906568288	0.039	0.058	0.00294024057205887	ARHGAP27	c2
8.79720909537375e-08	0.248734029216625	0.143	0.184	0.00295040798640645	DNAJB14	c2
8.80043894004189e-08	0.186286652994602	0.042	0.062	0.00295149121171125	SP4	c2
8.88003149117916e-08	0.230654499311707	0.038	0.057	0.00297818496151167	SHPRH	c2
9.42444720548939e-08	0.144777698893303	0.028	0.045	0.00316077110377703	FBXO31	c2
9.52994381573605e-08	0.106366034322922	0.02	0.034	0.00319615255692156	NHLRC2	c2
9.94055068342482e-08	0.261497492145566	0.037	0.056	0.00333386188820702	MCRIP2	c2
1.01040674709686e-07	0.198327021854883	0.029	0.045	0.00338870214841346	TRIM41	c2
1.02236205690478e-07	0.191160389380118	0.058	0.081	0.00342879786644724	FAM172A	c2
1.03311849601983e-07	0.193775983253263	0.051	0.072	0.00346487281195131	CACUL1	c2
1.05289213192758e-07	0.199124514648759	0.05	0.071	0.00353118963205871	ICE2	c2
1.07084762248435e-07	0.171507169958969	0.038	0.056	0.00359140875628802	SNX13	c2
1.08739593067228e-07	0.189304739422201	0.046	0.066	0.00364690847228868	AVL9	c2
1.15267542150214e-07	0.247655598468883	0.041	0.061	0.00386584282863387	SP2	c2
1.19065594549848e-07	0.117100849728338	0.754	0.827	0.0039932219100128	RPL21	c2
1.20378050235648e-07	0.215392201982286	0.201	0.257	0.00403723904880316	PSTPIP1	c2
1.2285061428944e-07	0.279205460494892	0.057	0.08	0.00412016390203923	STX17	c2
1.23130008422672e-07	0.281860186094487	0.145	0.187	0.00412953422247958	RASSF1	c2
1.23616069123782e-07	0.228684394278307	0.082	0.11	0.00414583572627341	SURF2	c2
1.25188486118029e-07	0.266090298467327	0.151	0.195	0.00419857144742645	SNHG7	c2
1.25440371880461e-07	0.204142988295019	0.085	0.114	0.00420701919212691	PHC3	c2
1.26280350549386e-07	0.201280229132959	0.075	0.102	0.0042351903967253	MVD	c2
1.27828948844049e-07	0.28305776370417	0.075	0.103	0.00428712728633172	PKN2	c2
1.28513792944214e-07	0.299740017400737	0.043	0.063	0.00431009558776304	RBM12	c2
1.28613171865648e-07	0.12541052292456	0.038	0.057	0.0043134285580301	TRNT1	c2
1.28973514038963e-07	0.216605785626322	0.137	0.176	0.00432551371383872	AFF4	c2
1.29337191112313e-07	0.101127112242354	0.332	0.414	0.00433771071552476	CLK1	c2
1.31043965593702e-07	0.107415527029583	0.214	0.267	0.00439495251808159	TOB1	c2
1.33161363045723e-07	0.246930084581885	0.178	0.228	0.00446596579382745	DYNC1H1	c2
1.3358713895951e-07	0.100134603290511	0.024	0.04	0.00448024546642406	APOL2	c2
1.34560562214402e-07	0.155612595767588	0.039	0.058	0.00451289213554661	ZNF195	c2
1.37426894191604e-07	0.167503218913582	0.036	0.054	0.004609023177398	SLC9A8	c2
1.3878992730546e-07	0.102003753122015	0.03	0.047	0.00465473658197052	TRMT61B	c2
1.38904188169244e-07	1.14129065856171	0.058	0.043	0.00465856866282009	PECAM1	c2
1.42496329765223e-07	0.22933062650128	0.06	0.083	0.00477904190766606	FNIP1	c2
1.44835792968459e-07	0.176278048386952	0.046	0.067	0.00485750282457618	AKAP8L	c2
1.45036018561933e-07	0.210883482792	0.052	0.073	0.00486421799053012	AGAP2	c2
1.4638227661263e-07	0.105635903772632	0.052	0.073	0.00490936879303438	CYSTM1	c2
1.50335635157118e-07	0.292158438201669	0.043	0.063	0.00504195653189944	CNOT3	c2
1.52443880268576e-07	0.230523276626735	0.089	0.118	0.0051126628564475	ADAM8	c2
1.52458139981407e-07	0.247274427928336	0.046	0.066	0.00511314109869642	RMND5A	c2
1.5404132872885e-07	0.628376980991483	0.292	0.291	0.00516623808290818	IFRD1	c2
1.54541766755821e-07	0.153001499345413	0.024	0.039	0.00518302177345673	EOGT	c2
1.56112745214493e-07	0.16560516112352	0.029	0.045	0.00523570924900368	CPT1A	c2
1.56883830065197e-07	0.210501815833372	0.067	0.091	0.00526156989272659	ELP2	c2
1.61205359558053e-07	0.114425203059925	0.039	0.057	0.00540650534885798	RNF2	c2
1.63611371934252e-07	0.11082914461846	0.032	0.05	0.00548719819193096	SUN1	c2
1.64789954181454e-07	0.161944468963502	0.038	0.057	0.00552672548333761	HSPA13	c2
1.66972066642704e-07	0.255301854356275	0.12	0.156	0.00559990917106302	MAZ	c2
1.68121415869821e-07	0.478968960490871	0.295	0.288	0.00563845604544206	AHNAK	c2
1.68353097154807e-07	0.138279253231392	0.068	0.093	0.00564622617237792	KBTBD2	c2
1.76594939098378e-07	0.132841088698976	0.027	0.042	0.00592264106748141	AMDHD2	c2
1.79960326459391e-07	0.205763632021405	0.057	0.079	0.00603550942879505	EIF2B5	c2
1.80279584958135e-07	0.113727836997868	0.052	0.073	0.00604621672032594	VCPIP1	c2
1.81087113800415e-07	0.207790686635314	0.083	0.111	0.00607329962263833	PRKD2	c2
1.83826469116628e-07	0.262833070856483	0.078	0.105	0.00616517212123347	MIA3	c2
1.84386996949579e-07	0.19730566229679	0.051	0.072	0.00618397110369498	CHD6	c2
1.84891560218241e-07	0.123428006960532	0.06	0.083	0.00620089314659938	P4HTM	c2
1.85253875641358e-07	0.244573883372889	0.084	0.113	0.00621304448125985	PCMTD1	c2
1.92071987495948e-07	0.345710180012382	0.087	0.116	0.00644171031663912	TRPC4AP	c2
1.94817694389927e-07	0.163984646380189	0.017	0.03	0.00653379583444936	GATC	c2
1.9640005275211e-07	0.658579080794418	0.187	0.17	0.00658686496920025	RNF125	c2
1.96642448056753e-07	0.140820588459291	0.039	0.058	0.00659499442292738	ARHGEF2	c2
1.97234695620344e-07	0.240742704862585	0.047	0.067	0.0066148572217151	GPR89B	c2
1.98207595852008e-07	0.198975602166919	0.055	0.077	0.00664748634968463	SMG5	c2
2.02679218323331e-07	0.242811496286163	0.034	0.051	0.00679745562412788	SPPL3	c2
2.04956715198845e-07	0.264378597094777	0.031	0.048	0.00687383831433887	IVD	c2
2.06751280376614e-07	0.132230297901808	0.03	0.046	0.00693402444127088	ZNF675	c2
2.09185866336722e-07	0.19737149663087	0.022	0.036	0.00701567558520099	NVL	c2
2.09597284906774e-07	0.238541064976233	0.076	0.102	0.00702947374120337	KANSL2	c2
2.10726975343344e-07	0.145375865874797	0.046	0.067	0.00706736129906506	METTL15	c2
2.16741706575083e-07	0.136329010240187	0.04	0.058	0.00726908335511512	PNPLA6	c2
2.18833903390043e-07	0.310327335768451	0.094	0.125	0.00733925145189526	CNOT4	c2
2.30327628495728e-07	0.231567445762783	0.036	0.054	0.00772472800448971	PPP1R35	c2
2.32927435526675e-07	0.184893425796638	0.05	0.071	0.00781192033269363	ERCC5	c2
2.36420660397094e-07	0.118556889247582	0.019	0.032	0.00792907610839774	DLG3	c2
2.40087196762937e-07	0.310469794204768	0.128	0.166	0.00805204440503539	POLR2B	c2
2.43161840353742e-07	0.265116519048173	0.181	0.231	0.0081551618017838	NKTR	c2
2.46242869120449e-07	0.210997362296835	0.054	0.075	0.00825849334456161	JADE2	c2
2.56066370705254e-07	0.198447518104195	0.081	0.108	0.00858795394071282	TMEM107	c2
2.67491254776133e-07	0.15701508265914	0.035	0.053	0.00897112170268196	SNTB2	c2
2.80655058182093e-07	0.10618111779763	0.373	0.47	0.00941260934131105	RPS10	c2
2.81050679503677e-07	0.260383679914003	0.043	0.062	0.00942587768919431	MSL1	c2
2.81107202798829e-07	1.12595677460782	0.031	0.021	0.00942777336746714	AF165147.1	c2
2.82856830251254e-07	0.265204615872357	0.042	0.061	0.00948645237296655	PRKD3	c2
2.82934622974424e-07	0.107856594233032	0.04	0.059	0.00948906138531624	RIT1	c2
2.84113489990607e-07	0.964942127161529	0.017	0.01	0.00952859822730499	IGFBP3	c2
2.85031946970564e-07	0.160324571182652	0.042	0.061	0.00955940143749879	TRERF1	c2
3.0050086760883e-07	0.161469802289876	0.04	0.058	0.0100781980978649	CARNMT1	c2
3.06550713695332e-07	0.133067729454441	0.049	0.069	0.0102810978359141	PARP6	c2
3.08569519971227e-07	0.136642912238747	0.014	0.026	0.010348804560795	PAOX	c2
3.10562411797463e-07	0.407406405237043	0.036	0.054	0.0104156421668633	PIK3AP1	c2
3.14367407571885e-07	0.103842392044517	0.024	0.038	0.0105432541151459	PHF10	c2
3.17208427662114e-07	0.206482818868802	0.024	0.038	0.010638536246932	TTC31	c2
3.22016881541776e-07	0.325984638837207	0.035	0.053	0.0107998021731481	FMNL3	c2
3.27445724551473e-07	0.112862749640802	0.022	0.036	0.0109818747100073	RNF135	c2
3.28395304772017e-07	0.271347166258307	0.033	0.05	0.0110137217314439	PARP11	c2
3.34603997755974e-07	0.19362710770051	0.044	0.064	0.0112219488767398	WDR20	c2
3.46524621650828e-07	0.117466200148141	0.025	0.04	0.0116217427609255	MTF1	c2
3.47153398326128e-07	0.211441141685614	0.034	0.051	0.0116428306730617	E2F3	c2
3.49955572234892e-07	0.150201838157597	0.28	0.349	0.0117368099816138	CBLB	c2
3.51254720558804e-07	0.237229234828949	0.224	0.282	0.0117803808181012	LYST	c2
3.54640624135093e-07	0.116775262198933	0.021	0.034	0.0118939372522427	SMPD2	c2
3.56225345534128e-07	1.53654578989095	0.01	0.005	0.0119470856385236	TUBB4A	c2
3.62114126280752e-07	0.222388585597967	0.06	0.083	0.0121445835672038	IL17RA	c2
3.64525536963258e-07	0.165627351900277	0.137	0.174	0.0122254574586738	FOSL2	c2
3.65234753828424e-07	0.175000764773316	0.064	0.088	0.0122492431738977	ANKRD49	c2
3.66917572917306e-07	0.304583349542415	0.034	0.051	0.0123056815605006	POC1B	c2
3.7856565578061e-07	0.164565213218625	0.021	0.035	0.0126963349635701	ARRDC1-AS1	c2
3.79160068332164e-07	0.202580343405314	0.053	0.074	0.0127162703717241	SLC2A4RG	c2
3.91390391148515e-07	0.108964163162804	0.021	0.034	0.0131264509383389	TEX10	c2
3.93196438969539e-07	0.16121506830347	0.023	0.037	0.0131870221701604	BAP1	c2
3.93759430836826e-07	0.210244655537236	0.03	0.045	0.0132059037914055	UBE2W	c2
4.05173164572561e-07	0.226352002729391	0.039	0.057	0.0135886975934345	ZNF91	c2
4.25814322652042e-07	0.305384896603965	0.041	0.06	0.0142809607531042	PAN3	c2
4.41170203232778e-07	0.236496033515054	0.1	0.13	0.0147959662760209	DENND4A	c2
4.42460610049445e-07	0.272975004188925	0.184	0.233	0.0148392439398383	TMX4	c2
4.47313783070198e-07	0.216960419139643	0.038	0.056	0.0150020096566083	SCAPER	c2
4.53457859506577e-07	0.213649942623968	0.095	0.123	0.0152080696921316	NSMCE3	c2
4.55467664120686e-07	0.325083964061056	0.054	0.075	0.0152754745192796	ZRSR2	c2
4.59450197241222e-07	0.160654560033464	0.017	0.029	0.0154090407150761	WDR41	c2
4.85156289534923e-07	0.19520584073382	0.053	0.073	0.0162711716384223	FBXO33	c2
4.88264007087833e-07	0.184638656336034	0.069	0.093	0.0163753982697117	PRMT9	c2
4.89426200117377e-07	0.298520207597561	0.03	0.045	0.0164143758995366	ZDHHC4	c2
4.9261575882419e-07	0.158991671708445	0.024	0.038	0.0165213473194457	ZNF507	c2
4.94410140864785e-07	0.236145767027918	0.027	0.043	0.0165815273043232	LYPLAL1	c2
4.97775511595116e-07	0.125751584351622	0.025	0.04	0.016694395107877	HINT3	c2
5.02156423589775e-07	0.329331041000102	0.045	0.065	0.0168413221343539	FMR1	c2
5.09696218097169e-07	0.125257636479186	0.029	0.045	0.0170941917625429	CRYZ	c2
5.17711765782479e-07	0.312352077025331	0.037	0.054	0.0173630172008128	BRD3	c2
5.21487643525717e-07	0.273882525387255	0.192	0.243	0.0174896525885655	EIF4A3	c2
5.28307411875972e-07	0.107225925541659	0.036	0.053	0.0177183739794963	NRF1	c2
5.29996245141235e-07	0.223321139309089	0.061	0.084	0.0177750140695467	FOXJ3	c2
5.35260227072855e-07	0.18406358573497	0.043	0.061	0.0179515574955694	BANP	c2
5.44217569011663e-07	0.101311747013082	0.021	0.034	0.0182519688295132	PKNOX1	c2
5.52175871232551e-07	0.31451713473411	0.059	0.081	0.0185188743693973	C12orf65	c2
5.56491238406456e-07	0.20212928464468	0.031	0.047	0.0186636031536757	ABCB1	c2
5.57124201239099e-07	0.167430417267791	0.02	0.034	0.0186848314611569	TATDN2	c2
5.61260101080583e-07	0.123353433058183	0.382	0.476	0.0188235412700406	MYH9	c2
5.73386611852551e-07	0.197234672255544	0.015	0.027	0.0192302401883108	NDOR1	c2
6.15001040783405e-07	0.303071958416622	0.044	0.062	0.0206259049057938	PIK3CG	c2
6.21803636702126e-07	0.180628448040212	0.027	0.042	0.0208540503677159	GMDS-DT	c2
6.32395854856428e-07	0.176738127857818	0.036	0.053	0.0212092921801749	TYW1	c2
6.58180382557053e-07	0.199607346064515	0.045	0.064	0.0220740536701984	TFIP11	c2
6.66331998283939e-07	0.185392493865976	0.036	0.053	0.0223474425584467	ZFY	c2
6.66910024839144e-07	0.124698281360062	0.025	0.04	0.0223668284130552	TIMM44	c2
6.73069421138149e-07	0.227012506366601	0.034	0.05	0.0225734022461312	ZNF138	c2
6.75724557167301e-07	0.245413792245302	0.031	0.047	0.0226624501982769	MIS12	c2
6.77186435230015e-07	0.274240886535547	0.102	0.133	0.0227114786647443	NEK7	c2
6.77378928373371e-07	0.114841467351055	0.085	0.111	0.0227179344997861	KLF10	c2
6.94488399802667e-07	0.208659399560259	0.181	0.229	0.0232917519525818	ARHGAP45	c2
6.97463456967746e-07	0.211406717981491	0.101	0.13	0.0233915294197843	BLOC1S4	c2
7.06994384346685e-07	0.377043134103341	0.064	0.087	0.0237111776622191	G6PD	c2
7.1269507904474e-07	0.158629270690671	0.032	0.048	0.0239023675610025	GRK5	c2
7.15890306746816e-07	0.200085506058778	0.031	0.046	0.0240095291076747	CC2D1A	c2
7.17662137034789e-07	0.130055927776956	0.043	0.061	0.0240689527518727	CTDP1	c2
7.4010884461783e-07	0.272171889328637	0.038	0.056	0.0248217704307928	TRAPPC2B	c2
7.4623534949029e-07	0.207705120721457	0.035	0.052	0.0250272411512053	EIF4E3	c2
7.47993164911256e-07	0.186925295452643	0.031	0.047	0.0250861947647937	ZNF518A	c2
7.5688394923456e-07	0.253373313508137	0.052	0.072	0.0253843738894287	RALGAPB	c2
7.70608616361248e-07	0.227685472615288	0.198	0.248	0.0258446717755235	SPSB3	c2
7.72466012024026e-07	0.278501205248125	0.052	0.073	0.0259069651112618	SFMBT2	c2
7.80268724507684e-07	0.261079599186277	0.11	0.142	0.0261686524825387	RCC1	c2
7.88820633137305e-07	0.132058978244793	0.019	0.031	0.0264554663941589	ATP23	c2
7.96968997319807e-07	0.200725280239971	0.032	0.047	0.0267287462321117	KANSL3	c2
8.24968824654044e-07	0.111513595404392	0.024	0.039	0.0276678044412473	AC073111.5	c2
8.28805846100246e-07	0.168068819644532	0.022	0.035	0.02779649046651	ATN1	c2
8.38486537084634e-07	0.219614634015989	0.082	0.108	0.0281211614807445	THUMPD3-AS1	c2
8.45479239742556e-07	0.120771638513631	0.032	0.048	0.0283556827424859	MUM1	c2
8.47041736964224e-07	0.140810360244765	0.023	0.037	0.0284080857743062	UBXN2B	c2
8.5755937704179e-07	0.177805279616105	0.017	0.029	0.0287608263872276	MROH1	c2
8.61180564759139e-07	0.146721869702496	0.022	0.036	0.028882273780892	INTS3	c2
8.62301789080552e-07	0.329669507801579	0.068	0.092	0.0289198774021836	XPO4	c2
8.79419494425028e-07	0.606776905696008	0.268	0.263	0.0294939710040266	TGFB1	c2
8.90656933469722e-07	1.13544937940965	0.014	0.008	0.0298708522347075	PLCB1	c2
8.91066700756762e-07	0.121414974960245	0.036	0.053	0.0298845950099803	MBD6	c2
9.10212516583761e-07	0.166264926242058	0.024	0.037	0.0305267073811862	POLH	c2
9.22038796332863e-07	0.261221283813549	0.041	0.059	0.0309233371514116	LRCH3	c2
9.22054642955856e-07	0.166140111771419	0.019	0.032	0.0309238686154535	KCNK6	c2
9.2228870084883e-07	0.254614327188206	0.031	0.047	0.0309317184490681	LEMD2	c2
9.42536459174769e-07	0.109990444162471	0.024	0.038	0.0316107877678034	ACOX1	c2
9.47773685711997e-07	0.175232362977996	0.056	0.077	0.0317864338714089	ULK3	c2
9.60635324526617e-07	0.288842985811673	0.039	0.057	0.0322177875139737	CD244	c2
9.78019621753446e-07	0.217452776812542	0.042	0.06	0.0328008220743671	C7orf26	c2
9.86377541650213e-07	0.214983001391024	0.084	0.11	0.0330811299918648	PRKCQ	c2
9.92582466886782e-07	0.131556443004633	0.029	0.044	0.0332892307744489	DNAJC30	c2
9.93413514816587e-07	0.221071690881472	0.047	0.066	0.0333171024599187	SKAP2	c2
9.95515361317604e-07	0.336335840011942	0.054	0.075	0.0333875941878698	TNFRSF1A	c2
1.00000080608462e-06	0.135935483356401	0.032	0.048	0.033538027034466	MEX3C	c2
1.03283157809502e-06	0.113290540766645	0.023	0.037	0.0346391054661508	SURF6	c2
1.04095535096637e-06	0.21786122829519	0.032	0.048	0.0349115605607101	GCFC2	c2
1.04239991952495e-06	0.221996954757556	0.013	0.024	0.0349600085010277	SLC16A1-AS1	c2
1.05014695057475e-06	0.409349583702527	0.045	0.063	0.035219828428376	CCR5	c2
1.06686824295037e-06	0.186742447665771	0.064	0.087	0.0357806271320694	HIST3H2A	c2
1.0764408531103e-06	0.280103094240344	0.157	0.199	0.0361016733316134	ZBTB1	c2
1.0975012121046e-06	0.108180687967737	0.023	0.036	0.0368079956515642	MFN1	c2
1.11678486420036e-06	0.16694247586337	0.044	0.062	0.0374547307755515	IFFO1	c2
1.13035337512485e-06	0.154944105777862	0.053	0.074	0.0379097914949374	MXD1	c2
1.1531465423059e-06	0.296578242089056	0.046	0.064	0.0386742287358554	XPNPEP1	c2
1.16552141011377e-06	0.168814869985586	0.008	0.017	0.0390892570523957	PDIK1L	c2
1.16723623677274e-06	0.158356920152736	0.03	0.045	0.0391467689088843	SH3GL1	c2
1.16923672456221e-06	0.23483748684317	0.105	0.136	0.0392138612683675	PQLC3	c2
1.17842994447133e-06	0.285174835704467	0.068	0.091	0.0395221834776794	LCOR	c2
1.17923615221907e-06	0.179480706224451	0.075	0.099	0.0395492220731233	KIAA1191	c2
1.19502689466153e-06	0.226607577398828	0.052	0.072	0.0400788119931583	ELK4	c2
1.20627017759952e-06	0.187214377474702	0.091	0.118	0.0404558892163328	ABTB1	c2
1.21089052197376e-06	0.137142174790998	0.036	0.052	0.040610846325956	TOR1B	c2
1.23127169383562e-06	0.120511526992038	0.021	0.033	0.0412943900678589	MCCC1	c2
1.24706423498121e-06	0.238244944637964	0.048	0.067	0.0418240403127999	FCHSD1	c2
1.26899764613351e-06	0.164258887239974	0.008	0.017	0.0425596430560257	TBL2	c2
1.27850416800696e-06	0.277592337609148	0.046	0.064	0.0428784727866174	ADNP	c2
1.30753000925778e-06	0.105853774436984	0.423	0.529	0.0438519414504873	SELENOK	c2
1.3096418686151e-06	0.326313462409744	0.024	0.038	0.0439227689896131	BICD2	c2
1.32952749048e-06	0.137192411267534	0.013	0.023	0.0445896929757184	PDE6B	c2
1.34544052627561e-06	0.102995042746962	0.038	0.055	0.0451233843702315	EXOSC6	c2
1.34557312999308e-06	0.226593893846224	0.048	0.067	0.0451278316337081	ZNF431	c2
1.37093412332158e-06	0.116651600110735	0.027	0.041	0.0459783886279591	PRKCI	c2
1.37258800946716e-06	0.144290049349499	0.028	0.043	0.0460338566615095	LINC01184	c2
1.37503672864928e-06	1.12938696570381	0.02	0.012	0.0461159818054395	GNAO1	c2
1.38711266543762e-06	0.196608979347578	0.027	0.042	0.046520984573447	FAM193A	c2
1.39681468456638e-06	0.13800771564385	0.029	0.044	0.0468463708909874	CLIC5	c2
1.41312833912598e-06	0.263718862514274	0.059	0.08	0.0473934982376072	STX4	c2
1.4307304639197e-06	0.295327115163688	0.074	0.098	0.0479838382989389	CYTH4	c2
1.43806861067612e-06	0.217820401839582	0.041	0.059	0.0482299450648559	UFSP2	c2
